model,rho_nominal,rho_label,rho_effective,N,eta,eta_index,steps,base_seed,realization,returncode,elapsed_s,output_path
voter,2.0,rho_2,2.0,200,0.0,0,3000,1400000,0,0,1.6004,data/pilots/final_voter_base_coarse_v1/voter/rho_2/eta_0/steps_3000/realization_000_seed_1400000
voter,2.0,rho_2,2.0,200,0.0,0,3000,1400001,1,0,1.6176,data/pilots/final_voter_base_coarse_v1/voter/rho_2/eta_0/steps_3000/realization_001_seed_1400001
voter,2.0,rho_2,2.0,200,0.0,0,3000,1400002,2,0,1.5603,data/pilots/final_voter_base_coarse_v1/voter/rho_2/eta_0/steps_3000/realization_002_seed_1400002
voter,2.0,rho_2,2.0,200,0.0,0,3000,1400003,3,0,1.571,data/pilots/final_voter_base_coarse_v1/voter/rho_2/eta_0/steps_3000/realization_003_seed_1400003
voter,2.0,rho_2,2.0,200,0.0,0,3000,1400004,4,0,1.6539,data/pilots/final_voter_base_coarse_v1/voter/rho_2/eta_0/steps_3000/realization_004_seed_1400004
voter,2.0,rho_2,2.0,200,0.0,0,3000,1400005,5,0,1.6842,data/pilots/final_voter_base_coarse_v1/voter/rho_2/eta_0/steps_3000/realization_005_seed_1400005
voter,2.0,rho_2,2.0,200,0.0,0,3000,1400006,6,0,1.5757,data/pilots/final_voter_base_coarse_v1/voter/rho_2/eta_0/steps_3000/realization_006_seed_1400006
voter,2.0,rho_2,2.0,200,0.0,0,3000,1400007,7,0,1.8124,data/pilots/final_voter_base_coarse_v1/voter/rho_2/eta_0/steps_3000/realization_007_seed_1400007
voter,2.0,rho_2,2.0,200,0.0,0,3000,1400008,8,0,1.7394,data/pilots/final_voter_base_coarse_v1/voter/rho_2/eta_0/steps_3000/realization_008_seed_1400008
voter,2.0,rho_2,2.0,200,0.0,0,3000,1400009,9,0,1.6352,data/pilots/final_voter_base_coarse_v1/voter/rho_2/eta_0/steps_3000/realization_009_seed_1400009
voter,2.0,rho_2,2.0,200,0.0,0,3000,1400010,10,0,1.6588,data/pilots/final_voter_base_coarse_v1/voter/rho_2/eta_0/steps_3000/realization_010_seed_1400010
voter,2.0,rho_2,2.0,200,0.0,0,3000,1400011,11,0,1.5804,data/pilots/final_voter_base_coarse_v1/voter/rho_2/eta_0/steps_3000/realization_011_seed_1400011
voter,2.0,rho_2,2.0,200,0.0,0,3000,1400012,12,0,1.7359,data/pilots/final_voter_base_coarse_v1/voter/rho_2/eta_0/steps_3000/realization_012_seed_1400012
voter,2.0,rho_2,2.0,200,0.0,0,3000,1400013,13,0,1.5788,data/pilots/final_voter_base_coarse_v1/voter/rho_2/eta_0/steps_3000/realization_013_seed_1400013
voter,2.0,rho_2,2.0,200,0.0,0,3000,1400014,14,0,1.6624,data/pilots/final_voter_base_coarse_v1/voter/rho_2/eta_0/steps_3000/realization_014_seed_1400014
voter,2.0,rho_2,2.0,200,0.0,0,3000,1400015,15,0,1.6314,data/pilots/final_voter_base_coarse_v1/voter/rho_2/eta_0/steps_3000/realization_015_seed_1400015
voter,2.0,rho_2,2.0,200,0.0,0,3000,1400016,16,0,1.6254,data/pilots/final_voter_base_coarse_v1/voter/rho_2/eta_0/steps_3000/realization_016_seed_1400016
voter,2.0,rho_2,2.0,200,0.0,0,3000,1400017,17,0,1.5963,data/pilots/final_voter_base_coarse_v1/voter/rho_2/eta_0/steps_3000/realization_017_seed_1400017
voter,2.0,rho_2,2.0,200,0.0,0,3000,1400018,18,0,1.5999,data/pilots/final_voter_base_coarse_v1/voter/rho_2/eta_0/steps_3000/realization_018_seed_1400018
voter,2.0,rho_2,2.0,200,0.0,0,3000,1400019,19,0,1.7098,data/pilots/final_voter_base_coarse_v1/voter/rho_2/eta_0/steps_3000/realization_019_seed_1400019
voter,2.0,rho_2,2.0,200,0.5,1,3000,1400100,0,0,1.9135,data/pilots/final_voter_base_coarse_v1/voter/rho_2/eta_0p5/steps_3000/realization_000_seed_1400100
voter,2.0,rho_2,2.0,200,0.5,1,3000,1400101,1,0,1.7741,data/pilots/final_voter_base_coarse_v1/voter/rho_2/eta_0p5/steps_3000/realization_001_seed_1400101
voter,2.0,rho_2,2.0,200,0.5,1,3000,1400102,2,0,1.8271,data/pilots/final_voter_base_coarse_v1/voter/rho_2/eta_0p5/steps_3000/realization_002_seed_1400102
voter,2.0,rho_2,2.0,200,0.5,1,3000,1400103,3,0,1.8021,data/pilots/final_voter_base_coarse_v1/voter/rho_2/eta_0p5/steps_3000/realization_003_seed_1400103
voter,2.0,rho_2,2.0,200,0.5,1,3000,1400104,4,0,1.6909,data/pilots/final_voter_base_coarse_v1/voter/rho_2/eta_0p5/steps_3000/realization_004_seed_1400104
voter,2.0,rho_2,2.0,200,0.5,1,3000,1400105,5,0,1.7638,data/pilots/final_voter_base_coarse_v1/voter/rho_2/eta_0p5/steps_3000/realization_005_seed_1400105
voter,2.0,rho_2,2.0,200,0.5,1,3000,1400106,6,0,1.718,data/pilots/final_voter_base_coarse_v1/voter/rho_2/eta_0p5/steps_3000/realization_006_seed_1400106
voter,2.0,rho_2,2.0,200,0.5,1,3000,1400107,7,0,1.7226,data/pilots/final_voter_base_coarse_v1/voter/rho_2/eta_0p5/steps_3000/realization_007_seed_1400107
voter,2.0,rho_2,2.0,200,0.5,1,3000,1400108,8,0,1.7429,data/pilots/final_voter_base_coarse_v1/voter/rho_2/eta_0p5/steps_3000/realization_008_seed_1400108
voter,2.0,rho_2,2.0,200,0.5,1,3000,1400109,9,0,1.763,data/pilots/final_voter_base_coarse_v1/voter/rho_2/eta_0p5/steps_3000/realization_009_seed_1400109
voter,2.0,rho_2,2.0,200,0.5,1,3000,1400110,10,0,1.7694,data/pilots/final_voter_base_coarse_v1/voter/rho_2/eta_0p5/steps_3000/realization_010_seed_1400110
voter,2.0,rho_2,2.0,200,0.5,1,3000,1400111,11,0,1.9239,data/pilots/final_voter_base_coarse_v1/voter/rho_2/eta_0p5/steps_3000/realization_011_seed_1400111
voter,2.0,rho_2,2.0,200,0.5,1,3000,1400112,12,0,1.81,data/pilots/final_voter_base_coarse_v1/voter/rho_2/eta_0p5/steps_3000/realization_012_seed_1400112
voter,2.0,rho_2,2.0,200,0.5,1,3000,1400113,13,0,1.8315,data/pilots/final_voter_base_coarse_v1/voter/rho_2/eta_0p5/steps_3000/realization_013_seed_1400113
voter,2.0,rho_2,2.0,200,0.5,1,3000,1400114,14,0,1.769,data/pilots/final_voter_base_coarse_v1/voter/rho_2/eta_0p5/steps_3000/realization_014_seed_1400114
voter,2.0,rho_2,2.0,200,0.5,1,3000,1400115,15,0,1.7962,data/pilots/final_voter_base_coarse_v1/voter/rho_2/eta_0p5/steps_3000/realization_015_seed_1400115
voter,2.0,rho_2,2.0,200,0.5,1,3000,1400116,16,0,1.8602,data/pilots/final_voter_base_coarse_v1/voter/rho_2/eta_0p5/steps_3000/realization_016_seed_1400116
voter,2.0,rho_2,2.0,200,0.5,1,3000,1400117,17,0,1.8704,data/pilots/final_voter_base_coarse_v1/voter/rho_2/eta_0p5/steps_3000/realization_017_seed_1400117
voter,2.0,rho_2,2.0,200,0.5,1,3000,1400118,18,0,1.885,data/pilots/final_voter_base_coarse_v1/voter/rho_2/eta_0p5/steps_3000/realization_018_seed_1400118
voter,2.0,rho_2,2.0,200,0.5,1,3000,1400119,19,0,1.758,data/pilots/final_voter_base_coarse_v1/voter/rho_2/eta_0p5/steps_3000/realization_019_seed_1400119
voter,2.0,rho_2,2.0,200,1.0,2,3000,1400200,0,0,1.8426,data/pilots/final_voter_base_coarse_v1/voter/rho_2/eta_1/steps_3000/realization_000_seed_1400200
voter,2.0,rho_2,2.0,200,1.0,2,3000,1400201,1,0,1.7465,data/pilots/final_voter_base_coarse_v1/voter/rho_2/eta_1/steps_3000/realization_001_seed_1400201
voter,2.0,rho_2,2.0,200,1.0,2,3000,1400202,2,0,1.7616,data/pilots/final_voter_base_coarse_v1/voter/rho_2/eta_1/steps_3000/realization_002_seed_1400202
voter,2.0,rho_2,2.0,200,1.0,2,3000,1400203,3,0,1.8487,data/pilots/final_voter_base_coarse_v1/voter/rho_2/eta_1/steps_3000/realization_003_seed_1400203
voter,2.0,rho_2,2.0,200,1.0,2,3000,1400204,4,0,1.7273,data/pilots/final_voter_base_coarse_v1/voter/rho_2/eta_1/steps_3000/realization_004_seed_1400204
voter,2.0,rho_2,2.0,200,1.0,2,3000,1400205,5,0,1.7417,data/pilots/final_voter_base_coarse_v1/voter/rho_2/eta_1/steps_3000/realization_005_seed_1400205
voter,2.0,rho_2,2.0,200,1.0,2,3000,1400206,6,0,1.795,data/pilots/final_voter_base_coarse_v1/voter/rho_2/eta_1/steps_3000/realization_006_seed_1400206
voter,2.0,rho_2,2.0,200,1.0,2,3000,1400207,7,0,1.7329,data/pilots/final_voter_base_coarse_v1/voter/rho_2/eta_1/steps_3000/realization_007_seed_1400207
voter,2.0,rho_2,2.0,200,1.0,2,3000,1400208,8,0,1.6745,data/pilots/final_voter_base_coarse_v1/voter/rho_2/eta_1/steps_3000/realization_008_seed_1400208
voter,2.0,rho_2,2.0,200,1.0,2,3000,1400209,9,0,1.6969,data/pilots/final_voter_base_coarse_v1/voter/rho_2/eta_1/steps_3000/realization_009_seed_1400209
voter,2.0,rho_2,2.0,200,1.0,2,3000,1400210,10,0,1.6511,data/pilots/final_voter_base_coarse_v1/voter/rho_2/eta_1/steps_3000/realization_010_seed_1400210
voter,2.0,rho_2,2.0,200,1.0,2,3000,1400211,11,0,1.7223,data/pilots/final_voter_base_coarse_v1/voter/rho_2/eta_1/steps_3000/realization_011_seed_1400211
voter,2.0,rho_2,2.0,200,1.0,2,3000,1400212,12,0,1.654,data/pilots/final_voter_base_coarse_v1/voter/rho_2/eta_1/steps_3000/realization_012_seed_1400212
voter,2.0,rho_2,2.0,200,1.0,2,3000,1400213,13,0,1.8449,data/pilots/final_voter_base_coarse_v1/voter/rho_2/eta_1/steps_3000/realization_013_seed_1400213
voter,2.0,rho_2,2.0,200,1.0,2,3000,1400214,14,0,1.8169,data/pilots/final_voter_base_coarse_v1/voter/rho_2/eta_1/steps_3000/realization_014_seed_1400214
voter,2.0,rho_2,2.0,200,1.0,2,3000,1400215,15,0,1.8537,data/pilots/final_voter_base_coarse_v1/voter/rho_2/eta_1/steps_3000/realization_015_seed_1400215
voter,2.0,rho_2,2.0,200,1.0,2,3000,1400216,16,0,1.779,data/pilots/final_voter_base_coarse_v1/voter/rho_2/eta_1/steps_3000/realization_016_seed_1400216
voter,2.0,rho_2,2.0,200,1.0,2,3000,1400217,17,0,1.801,data/pilots/final_voter_base_coarse_v1/voter/rho_2/eta_1/steps_3000/realization_017_seed_1400217
voter,2.0,rho_2,2.0,200,1.0,2,3000,1400218,18,0,1.7815,data/pilots/final_voter_base_coarse_v1/voter/rho_2/eta_1/steps_3000/realization_018_seed_1400218
voter,2.0,rho_2,2.0,200,1.0,2,3000,1400219,19,0,1.713,data/pilots/final_voter_base_coarse_v1/voter/rho_2/eta_1/steps_3000/realization_019_seed_1400219
voter,2.0,rho_2,2.0,200,2.0,3,3000,1400300,0,0,1.5709,data/pilots/final_voter_base_coarse_v1/voter/rho_2/eta_2/steps_3000/realization_000_seed_1400300
voter,2.0,rho_2,2.0,200,2.0,3,3000,1400301,1,0,1.6099,data/pilots/final_voter_base_coarse_v1/voter/rho_2/eta_2/steps_3000/realization_001_seed_1400301
voter,2.0,rho_2,2.0,200,2.0,3,3000,1400302,2,0,1.5626,data/pilots/final_voter_base_coarse_v1/voter/rho_2/eta_2/steps_3000/realization_002_seed_1400302
voter,2.0,rho_2,2.0,200,2.0,3,3000,1400303,3,0,1.5874,data/pilots/final_voter_base_coarse_v1/voter/rho_2/eta_2/steps_3000/realization_003_seed_1400303
voter,2.0,rho_2,2.0,200,2.0,3,3000,1400304,4,0,1.5801,data/pilots/final_voter_base_coarse_v1/voter/rho_2/eta_2/steps_3000/realization_004_seed_1400304
voter,2.0,rho_2,2.0,200,2.0,3,3000,1400305,5,0,1.6068,data/pilots/final_voter_base_coarse_v1/voter/rho_2/eta_2/steps_3000/realization_005_seed_1400305
voter,2.0,rho_2,2.0,200,2.0,3,3000,1400306,6,0,1.5902,data/pilots/final_voter_base_coarse_v1/voter/rho_2/eta_2/steps_3000/realization_006_seed_1400306
voter,2.0,rho_2,2.0,200,2.0,3,3000,1400307,7,0,1.7123,data/pilots/final_voter_base_coarse_v1/voter/rho_2/eta_2/steps_3000/realization_007_seed_1400307
voter,2.0,rho_2,2.0,200,2.0,3,3000,1400308,8,0,1.6615,data/pilots/final_voter_base_coarse_v1/voter/rho_2/eta_2/steps_3000/realization_008_seed_1400308
voter,2.0,rho_2,2.0,200,2.0,3,3000,1400309,9,0,1.5933,data/pilots/final_voter_base_coarse_v1/voter/rho_2/eta_2/steps_3000/realization_009_seed_1400309
voter,2.0,rho_2,2.0,200,2.0,3,3000,1400310,10,0,1.6831,data/pilots/final_voter_base_coarse_v1/voter/rho_2/eta_2/steps_3000/realization_010_seed_1400310
voter,2.0,rho_2,2.0,200,2.0,3,3000,1400311,11,0,1.6024,data/pilots/final_voter_base_coarse_v1/voter/rho_2/eta_2/steps_3000/realization_011_seed_1400311
voter,2.0,rho_2,2.0,200,2.0,3,3000,1400312,12,0,1.5639,data/pilots/final_voter_base_coarse_v1/voter/rho_2/eta_2/steps_3000/realization_012_seed_1400312
voter,2.0,rho_2,2.0,200,2.0,3,3000,1400313,13,0,1.5814,data/pilots/final_voter_base_coarse_v1/voter/rho_2/eta_2/steps_3000/realization_013_seed_1400313
voter,2.0,rho_2,2.0,200,2.0,3,3000,1400314,14,0,1.5695,data/pilots/final_voter_base_coarse_v1/voter/rho_2/eta_2/steps_3000/realization_014_seed_1400314
voter,2.0,rho_2,2.0,200,2.0,3,3000,1400315,15,0,1.57,data/pilots/final_voter_base_coarse_v1/voter/rho_2/eta_2/steps_3000/realization_015_seed_1400315
voter,2.0,rho_2,2.0,200,2.0,3,3000,1400316,16,0,1.6154,data/pilots/final_voter_base_coarse_v1/voter/rho_2/eta_2/steps_3000/realization_016_seed_1400316
voter,2.0,rho_2,2.0,200,2.0,3,3000,1400317,17,0,1.6142,data/pilots/final_voter_base_coarse_v1/voter/rho_2/eta_2/steps_3000/realization_017_seed_1400317
voter,2.0,rho_2,2.0,200,2.0,3,3000,1400318,18,0,1.5981,data/pilots/final_voter_base_coarse_v1/voter/rho_2/eta_2/steps_3000/realization_018_seed_1400318
voter,2.0,rho_2,2.0,200,2.0,3,3000,1400319,19,0,1.6326,data/pilots/final_voter_base_coarse_v1/voter/rho_2/eta_2/steps_3000/realization_019_seed_1400319
voter,2.0,rho_2,2.0,200,3.0,4,3000,1400400,0,0,1.6574,data/pilots/final_voter_base_coarse_v1/voter/rho_2/eta_3/steps_3000/realization_000_seed_1400400
voter,2.0,rho_2,2.0,200,3.0,4,3000,1400401,1,0,1.5566,data/pilots/final_voter_base_coarse_v1/voter/rho_2/eta_3/steps_3000/realization_001_seed_1400401
voter,2.0,rho_2,2.0,200,3.0,4,3000,1400402,2,0,1.5526,data/pilots/final_voter_base_coarse_v1/voter/rho_2/eta_3/steps_3000/realization_002_seed_1400402
voter,2.0,rho_2,2.0,200,3.0,4,3000,1400403,3,0,1.5226,data/pilots/final_voter_base_coarse_v1/voter/rho_2/eta_3/steps_3000/realization_003_seed_1400403
voter,2.0,rho_2,2.0,200,3.0,4,3000,1400404,4,0,1.523,data/pilots/final_voter_base_coarse_v1/voter/rho_2/eta_3/steps_3000/realization_004_seed_1400404
voter,2.0,rho_2,2.0,200,3.0,4,3000,1400405,5,0,1.5027,data/pilots/final_voter_base_coarse_v1/voter/rho_2/eta_3/steps_3000/realization_005_seed_1400405
voter,2.0,rho_2,2.0,200,3.0,4,3000,1400406,6,0,1.5088,data/pilots/final_voter_base_coarse_v1/voter/rho_2/eta_3/steps_3000/realization_006_seed_1400406
voter,2.0,rho_2,2.0,200,3.0,4,3000,1400407,7,0,1.5585,data/pilots/final_voter_base_coarse_v1/voter/rho_2/eta_3/steps_3000/realization_007_seed_1400407
voter,2.0,rho_2,2.0,200,3.0,4,3000,1400408,8,0,1.529,data/pilots/final_voter_base_coarse_v1/voter/rho_2/eta_3/steps_3000/realization_008_seed_1400408
voter,2.0,rho_2,2.0,200,3.0,4,3000,1400409,9,0,1.5186,data/pilots/final_voter_base_coarse_v1/voter/rho_2/eta_3/steps_3000/realization_009_seed_1400409
voter,2.0,rho_2,2.0,200,3.0,4,3000,1400410,10,0,1.5438,data/pilots/final_voter_base_coarse_v1/voter/rho_2/eta_3/steps_3000/realization_010_seed_1400410
voter,2.0,rho_2,2.0,200,3.0,4,3000,1400411,11,0,1.5671,data/pilots/final_voter_base_coarse_v1/voter/rho_2/eta_3/steps_3000/realization_011_seed_1400411
voter,2.0,rho_2,2.0,200,3.0,4,3000,1400412,12,0,1.6009,data/pilots/final_voter_base_coarse_v1/voter/rho_2/eta_3/steps_3000/realization_012_seed_1400412
voter,2.0,rho_2,2.0,200,3.0,4,3000,1400413,13,0,1.5498,data/pilots/final_voter_base_coarse_v1/voter/rho_2/eta_3/steps_3000/realization_013_seed_1400413
voter,2.0,rho_2,2.0,200,3.0,4,3000,1400414,14,0,1.6061,data/pilots/final_voter_base_coarse_v1/voter/rho_2/eta_3/steps_3000/realization_014_seed_1400414
voter,2.0,rho_2,2.0,200,3.0,4,3000,1400415,15,0,1.5566,data/pilots/final_voter_base_coarse_v1/voter/rho_2/eta_3/steps_3000/realization_015_seed_1400415
voter,2.0,rho_2,2.0,200,3.0,4,3000,1400416,16,0,1.6875,data/pilots/final_voter_base_coarse_v1/voter/rho_2/eta_3/steps_3000/realization_016_seed_1400416
voter,2.0,rho_2,2.0,200,3.0,4,3000,1400417,17,0,1.69,data/pilots/final_voter_base_coarse_v1/voter/rho_2/eta_3/steps_3000/realization_017_seed_1400417
voter,2.0,rho_2,2.0,200,3.0,4,3000,1400418,18,0,1.6289,data/pilots/final_voter_base_coarse_v1/voter/rho_2/eta_3/steps_3000/realization_018_seed_1400418
voter,2.0,rho_2,2.0,200,3.0,4,3000,1400419,19,0,1.6179,data/pilots/final_voter_base_coarse_v1/voter/rho_2/eta_3/steps_3000/realization_019_seed_1400419
voter,2.0,rho_2,2.0,200,4.0,5,3000,1400500,0,0,1.6417,data/pilots/final_voter_base_coarse_v1/voter/rho_2/eta_4/steps_3000/realization_000_seed_1400500
voter,2.0,rho_2,2.0,200,4.0,5,3000,1400501,1,0,1.7787,data/pilots/final_voter_base_coarse_v1/voter/rho_2/eta_4/steps_3000/realization_001_seed_1400501
voter,2.0,rho_2,2.0,200,4.0,5,3000,1400502,2,0,1.6476,data/pilots/final_voter_base_coarse_v1/voter/rho_2/eta_4/steps_3000/realization_002_seed_1400502
voter,2.0,rho_2,2.0,200,4.0,5,3000,1400503,3,0,1.6712,data/pilots/final_voter_base_coarse_v1/voter/rho_2/eta_4/steps_3000/realization_003_seed_1400503
voter,2.0,rho_2,2.0,200,4.0,5,3000,1400504,4,0,1.6697,data/pilots/final_voter_base_coarse_v1/voter/rho_2/eta_4/steps_3000/realization_004_seed_1400504
voter,2.0,rho_2,2.0,200,4.0,5,3000,1400505,5,0,1.6561,data/pilots/final_voter_base_coarse_v1/voter/rho_2/eta_4/steps_3000/realization_005_seed_1400505
voter,2.0,rho_2,2.0,200,4.0,5,3000,1400506,6,0,1.6116,data/pilots/final_voter_base_coarse_v1/voter/rho_2/eta_4/steps_3000/realization_006_seed_1400506
voter,2.0,rho_2,2.0,200,4.0,5,3000,1400507,7,0,1.5861,data/pilots/final_voter_base_coarse_v1/voter/rho_2/eta_4/steps_3000/realization_007_seed_1400507
voter,2.0,rho_2,2.0,200,4.0,5,3000,1400508,8,0,1.5271,data/pilots/final_voter_base_coarse_v1/voter/rho_2/eta_4/steps_3000/realization_008_seed_1400508
voter,2.0,rho_2,2.0,200,4.0,5,3000,1400509,9,0,1.5745,data/pilots/final_voter_base_coarse_v1/voter/rho_2/eta_4/steps_3000/realization_009_seed_1400509
voter,2.0,rho_2,2.0,200,4.0,5,3000,1400510,10,0,1.5293,data/pilots/final_voter_base_coarse_v1/voter/rho_2/eta_4/steps_3000/realization_010_seed_1400510
voter,2.0,rho_2,2.0,200,4.0,5,3000,1400511,11,0,1.545,data/pilots/final_voter_base_coarse_v1/voter/rho_2/eta_4/steps_3000/realization_011_seed_1400511
voter,2.0,rho_2,2.0,200,4.0,5,3000,1400512,12,0,1.5542,data/pilots/final_voter_base_coarse_v1/voter/rho_2/eta_4/steps_3000/realization_012_seed_1400512
voter,2.0,rho_2,2.0,200,4.0,5,3000,1400513,13,0,1.5247,data/pilots/final_voter_base_coarse_v1/voter/rho_2/eta_4/steps_3000/realization_013_seed_1400513
voter,2.0,rho_2,2.0,200,4.0,5,3000,1400514,14,0,1.5317,data/pilots/final_voter_base_coarse_v1/voter/rho_2/eta_4/steps_3000/realization_014_seed_1400514
voter,2.0,rho_2,2.0,200,4.0,5,3000,1400515,15,0,1.5508,data/pilots/final_voter_base_coarse_v1/voter/rho_2/eta_4/steps_3000/realization_015_seed_1400515
voter,2.0,rho_2,2.0,200,4.0,5,3000,1400516,16,0,1.5335,data/pilots/final_voter_base_coarse_v1/voter/rho_2/eta_4/steps_3000/realization_016_seed_1400516
voter,2.0,rho_2,2.0,200,4.0,5,3000,1400517,17,0,1.5068,data/pilots/final_voter_base_coarse_v1/voter/rho_2/eta_4/steps_3000/realization_017_seed_1400517
voter,2.0,rho_2,2.0,200,4.0,5,3000,1400518,18,0,1.5185,data/pilots/final_voter_base_coarse_v1/voter/rho_2/eta_4/steps_3000/realization_018_seed_1400518
voter,2.0,rho_2,2.0,200,4.0,5,3000,1400519,19,0,1.5241,data/pilots/final_voter_base_coarse_v1/voter/rho_2/eta_4/steps_3000/realization_019_seed_1400519
voter,2.0,rho_2,2.0,200,5.0,6,3000,1400600,0,0,1.5826,data/pilots/final_voter_base_coarse_v1/voter/rho_2/eta_5/steps_3000/realization_000_seed_1400600
voter,2.0,rho_2,2.0,200,5.0,6,3000,1400601,1,0,1.5448,data/pilots/final_voter_base_coarse_v1/voter/rho_2/eta_5/steps_3000/realization_001_seed_1400601
voter,2.0,rho_2,2.0,200,5.0,6,3000,1400602,2,0,1.552,data/pilots/final_voter_base_coarse_v1/voter/rho_2/eta_5/steps_3000/realization_002_seed_1400602
voter,2.0,rho_2,2.0,200,5.0,6,3000,1400603,3,0,1.5522,data/pilots/final_voter_base_coarse_v1/voter/rho_2/eta_5/steps_3000/realization_003_seed_1400603
voter,2.0,rho_2,2.0,200,5.0,6,3000,1400604,4,0,1.5364,data/pilots/final_voter_base_coarse_v1/voter/rho_2/eta_5/steps_3000/realization_004_seed_1400604
voter,2.0,rho_2,2.0,200,5.0,6,3000,1400605,5,0,1.5221,data/pilots/final_voter_base_coarse_v1/voter/rho_2/eta_5/steps_3000/realization_005_seed_1400605
voter,2.0,rho_2,2.0,200,5.0,6,3000,1400606,6,0,1.4903,data/pilots/final_voter_base_coarse_v1/voter/rho_2/eta_5/steps_3000/realization_006_seed_1400606
voter,2.0,rho_2,2.0,200,5.0,6,3000,1400607,7,0,1.5445,data/pilots/final_voter_base_coarse_v1/voter/rho_2/eta_5/steps_3000/realization_007_seed_1400607
voter,2.0,rho_2,2.0,200,5.0,6,3000,1400608,8,0,1.517,data/pilots/final_voter_base_coarse_v1/voter/rho_2/eta_5/steps_3000/realization_008_seed_1400608
voter,2.0,rho_2,2.0,200,5.0,6,3000,1400609,9,0,1.5807,data/pilots/final_voter_base_coarse_v1/voter/rho_2/eta_5/steps_3000/realization_009_seed_1400609
voter,2.0,rho_2,2.0,200,5.0,6,3000,1400610,10,0,1.6095,data/pilots/final_voter_base_coarse_v1/voter/rho_2/eta_5/steps_3000/realization_010_seed_1400610
voter,2.0,rho_2,2.0,200,5.0,6,3000,1400611,11,0,1.6263,data/pilots/final_voter_base_coarse_v1/voter/rho_2/eta_5/steps_3000/realization_011_seed_1400611
voter,2.0,rho_2,2.0,200,5.0,6,3000,1400612,12,0,1.6107,data/pilots/final_voter_base_coarse_v1/voter/rho_2/eta_5/steps_3000/realization_012_seed_1400612
voter,2.0,rho_2,2.0,200,5.0,6,3000,1400613,13,0,1.596,data/pilots/final_voter_base_coarse_v1/voter/rho_2/eta_5/steps_3000/realization_013_seed_1400613
voter,2.0,rho_2,2.0,200,5.0,6,3000,1400614,14,0,1.6116,data/pilots/final_voter_base_coarse_v1/voter/rho_2/eta_5/steps_3000/realization_014_seed_1400614
voter,2.0,rho_2,2.0,200,5.0,6,3000,1400615,15,0,1.6876,data/pilots/final_voter_base_coarse_v1/voter/rho_2/eta_5/steps_3000/realization_015_seed_1400615
voter,2.0,rho_2,2.0,200,5.0,6,3000,1400616,16,0,1.5631,data/pilots/final_voter_base_coarse_v1/voter/rho_2/eta_5/steps_3000/realization_016_seed_1400616
voter,2.0,rho_2,2.0,200,5.0,6,3000,1400617,17,0,1.6022,data/pilots/final_voter_base_coarse_v1/voter/rho_2/eta_5/steps_3000/realization_017_seed_1400617
voter,2.0,rho_2,2.0,200,5.0,6,3000,1400618,18,0,1.6054,data/pilots/final_voter_base_coarse_v1/voter/rho_2/eta_5/steps_3000/realization_018_seed_1400618
voter,2.0,rho_2,2.0,200,5.0,6,3000,1400619,19,0,1.6054,data/pilots/final_voter_base_coarse_v1/voter/rho_2/eta_5/steps_3000/realization_019_seed_1400619
voter,2.0,rho_2,2.0,200,6.0,7,3000,1400700,0,0,1.5202,data/pilots/final_voter_base_coarse_v1/voter/rho_2/eta_6/steps_3000/realization_000_seed_1400700
voter,2.0,rho_2,2.0,200,6.0,7,3000,1400701,1,0,1.5005,data/pilots/final_voter_base_coarse_v1/voter/rho_2/eta_6/steps_3000/realization_001_seed_1400701
voter,2.0,rho_2,2.0,200,6.0,7,3000,1400702,2,0,1.5032,data/pilots/final_voter_base_coarse_v1/voter/rho_2/eta_6/steps_3000/realization_002_seed_1400702
voter,2.0,rho_2,2.0,200,6.0,7,3000,1400703,3,0,1.5039,data/pilots/final_voter_base_coarse_v1/voter/rho_2/eta_6/steps_3000/realization_003_seed_1400703
voter,2.0,rho_2,2.0,200,6.0,7,3000,1400704,4,0,1.549,data/pilots/final_voter_base_coarse_v1/voter/rho_2/eta_6/steps_3000/realization_004_seed_1400704
voter,2.0,rho_2,2.0,200,6.0,7,3000,1400705,5,0,1.5376,data/pilots/final_voter_base_coarse_v1/voter/rho_2/eta_6/steps_3000/realization_005_seed_1400705
voter,2.0,rho_2,2.0,200,6.0,7,3000,1400706,6,0,1.5278,data/pilots/final_voter_base_coarse_v1/voter/rho_2/eta_6/steps_3000/realization_006_seed_1400706
voter,2.0,rho_2,2.0,200,6.0,7,3000,1400707,7,0,1.5395,data/pilots/final_voter_base_coarse_v1/voter/rho_2/eta_6/steps_3000/realization_007_seed_1400707
voter,2.0,rho_2,2.0,200,6.0,7,3000,1400708,8,0,1.5425,data/pilots/final_voter_base_coarse_v1/voter/rho_2/eta_6/steps_3000/realization_008_seed_1400708
voter,2.0,rho_2,2.0,200,6.0,7,3000,1400709,9,0,1.5161,data/pilots/final_voter_base_coarse_v1/voter/rho_2/eta_6/steps_3000/realization_009_seed_1400709
voter,2.0,rho_2,2.0,200,6.0,7,3000,1400710,10,0,1.5235,data/pilots/final_voter_base_coarse_v1/voter/rho_2/eta_6/steps_3000/realization_010_seed_1400710
voter,2.0,rho_2,2.0,200,6.0,7,3000,1400711,11,0,1.5512,data/pilots/final_voter_base_coarse_v1/voter/rho_2/eta_6/steps_3000/realization_011_seed_1400711
voter,2.0,rho_2,2.0,200,6.0,7,3000,1400712,12,0,1.5689,data/pilots/final_voter_base_coarse_v1/voter/rho_2/eta_6/steps_3000/realization_012_seed_1400712
voter,2.0,rho_2,2.0,200,6.0,7,3000,1400713,13,0,1.5548,data/pilots/final_voter_base_coarse_v1/voter/rho_2/eta_6/steps_3000/realization_013_seed_1400713
voter,2.0,rho_2,2.0,200,6.0,7,3000,1400714,14,0,1.5247,data/pilots/final_voter_base_coarse_v1/voter/rho_2/eta_6/steps_3000/realization_014_seed_1400714
voter,2.0,rho_2,2.0,200,6.0,7,3000,1400715,15,0,1.5255,data/pilots/final_voter_base_coarse_v1/voter/rho_2/eta_6/steps_3000/realization_015_seed_1400715
voter,2.0,rho_2,2.0,200,6.0,7,3000,1400716,16,0,1.453,data/pilots/final_voter_base_coarse_v1/voter/rho_2/eta_6/steps_3000/realization_016_seed_1400716
voter,2.0,rho_2,2.0,200,6.0,7,3000,1400717,17,0,1.5311,data/pilots/final_voter_base_coarse_v1/voter/rho_2/eta_6/steps_3000/realization_017_seed_1400717
voter,2.0,rho_2,2.0,200,6.0,7,3000,1400718,18,0,1.5271,data/pilots/final_voter_base_coarse_v1/voter/rho_2/eta_6/steps_3000/realization_018_seed_1400718
voter,2.0,rho_2,2.0,200,6.0,7,3000,1400719,19,0,1.4906,data/pilots/final_voter_base_coarse_v1/voter/rho_2/eta_6/steps_3000/realization_019_seed_1400719
voter,4.0,rho_4,4.0,400,0.0,0,3000,1410000,0,0,3.8245,data/pilots/final_voter_base_coarse_v1/voter/rho_4/eta_0/steps_3000/realization_000_seed_1410000
voter,4.0,rho_4,4.0,400,0.0,0,3000,1410001,1,0,3.8667,data/pilots/final_voter_base_coarse_v1/voter/rho_4/eta_0/steps_3000/realization_001_seed_1410001
voter,4.0,rho_4,4.0,400,0.0,0,3000,1410002,2,0,4.0123,data/pilots/final_voter_base_coarse_v1/voter/rho_4/eta_0/steps_3000/realization_002_seed_1410002
voter,4.0,rho_4,4.0,400,0.0,0,3000,1410003,3,0,3.5502,data/pilots/final_voter_base_coarse_v1/voter/rho_4/eta_0/steps_3000/realization_003_seed_1410003
voter,4.0,rho_4,4.0,400,0.0,0,3000,1410004,4,0,3.6639,data/pilots/final_voter_base_coarse_v1/voter/rho_4/eta_0/steps_3000/realization_004_seed_1410004
voter,4.0,rho_4,4.0,400,0.0,0,3000,1410005,5,0,3.4445,data/pilots/final_voter_base_coarse_v1/voter/rho_4/eta_0/steps_3000/realization_005_seed_1410005
voter,4.0,rho_4,4.0,400,0.0,0,3000,1410006,6,0,3.8157,data/pilots/final_voter_base_coarse_v1/voter/rho_4/eta_0/steps_3000/realization_006_seed_1410006
voter,4.0,rho_4,4.0,400,0.0,0,3000,1410007,7,0,4.1003,data/pilots/final_voter_base_coarse_v1/voter/rho_4/eta_0/steps_3000/realization_007_seed_1410007
voter,4.0,rho_4,4.0,400,0.0,0,3000,1410008,8,0,3.5185,data/pilots/final_voter_base_coarse_v1/voter/rho_4/eta_0/steps_3000/realization_008_seed_1410008
voter,4.0,rho_4,4.0,400,0.0,0,3000,1410009,9,0,3.551,data/pilots/final_voter_base_coarse_v1/voter/rho_4/eta_0/steps_3000/realization_009_seed_1410009
voter,4.0,rho_4,4.0,400,0.0,0,3000,1410010,10,0,3.9387,data/pilots/final_voter_base_coarse_v1/voter/rho_4/eta_0/steps_3000/realization_010_seed_1410010
voter,4.0,rho_4,4.0,400,0.0,0,3000,1410011,11,0,3.6459,data/pilots/final_voter_base_coarse_v1/voter/rho_4/eta_0/steps_3000/realization_011_seed_1410011
voter,4.0,rho_4,4.0,400,0.0,0,3000,1410012,12,0,4.0451,data/pilots/final_voter_base_coarse_v1/voter/rho_4/eta_0/steps_3000/realization_012_seed_1410012
voter,4.0,rho_4,4.0,400,0.0,0,3000,1410013,13,0,3.8187,data/pilots/final_voter_base_coarse_v1/voter/rho_4/eta_0/steps_3000/realization_013_seed_1410013
voter,4.0,rho_4,4.0,400,0.0,0,3000,1410014,14,0,3.8378,data/pilots/final_voter_base_coarse_v1/voter/rho_4/eta_0/steps_3000/realization_014_seed_1410014
voter,4.0,rho_4,4.0,400,0.0,0,3000,1410015,15,0,3.8952,data/pilots/final_voter_base_coarse_v1/voter/rho_4/eta_0/steps_3000/realization_015_seed_1410015
voter,4.0,rho_4,4.0,400,0.0,0,3000,1410016,16,0,3.8034,data/pilots/final_voter_base_coarse_v1/voter/rho_4/eta_0/steps_3000/realization_016_seed_1410016
voter,4.0,rho_4,4.0,400,0.0,0,3000,1410017,17,0,3.8908,data/pilots/final_voter_base_coarse_v1/voter/rho_4/eta_0/steps_3000/realization_017_seed_1410017
voter,4.0,rho_4,4.0,400,0.0,0,3000,1410018,18,0,3.9952,data/pilots/final_voter_base_coarse_v1/voter/rho_4/eta_0/steps_3000/realization_018_seed_1410018
voter,4.0,rho_4,4.0,400,0.0,0,3000,1410019,19,0,4.1568,data/pilots/final_voter_base_coarse_v1/voter/rho_4/eta_0/steps_3000/realization_019_seed_1410019
voter,4.0,rho_4,4.0,400,0.5,1,3000,1410100,0,0,3.9802,data/pilots/final_voter_base_coarse_v1/voter/rho_4/eta_0p5/steps_3000/realization_000_seed_1410100
voter,4.0,rho_4,4.0,400,0.5,1,3000,1410101,1,0,4.1106,data/pilots/final_voter_base_coarse_v1/voter/rho_4/eta_0p5/steps_3000/realization_001_seed_1410101
voter,4.0,rho_4,4.0,400,0.5,1,3000,1410102,2,0,4.1563,data/pilots/final_voter_base_coarse_v1/voter/rho_4/eta_0p5/steps_3000/realization_002_seed_1410102
voter,4.0,rho_4,4.0,400,0.5,1,3000,1410103,3,0,4.6322,data/pilots/final_voter_base_coarse_v1/voter/rho_4/eta_0p5/steps_3000/realization_003_seed_1410103
voter,4.0,rho_4,4.0,400,0.5,1,3000,1410104,4,0,4.4561,data/pilots/final_voter_base_coarse_v1/voter/rho_4/eta_0p5/steps_3000/realization_004_seed_1410104
voter,4.0,rho_4,4.0,400,0.5,1,3000,1410105,5,0,4.4019,data/pilots/final_voter_base_coarse_v1/voter/rho_4/eta_0p5/steps_3000/realization_005_seed_1410105
voter,4.0,rho_4,4.0,400,0.5,1,3000,1410106,6,0,4.1889,data/pilots/final_voter_base_coarse_v1/voter/rho_4/eta_0p5/steps_3000/realization_006_seed_1410106
voter,4.0,rho_4,4.0,400,0.5,1,3000,1410107,7,0,4.1403,data/pilots/final_voter_base_coarse_v1/voter/rho_4/eta_0p5/steps_3000/realization_007_seed_1410107
voter,4.0,rho_4,4.0,400,0.5,1,3000,1410108,8,0,3.9849,data/pilots/final_voter_base_coarse_v1/voter/rho_4/eta_0p5/steps_3000/realization_008_seed_1410108
voter,4.0,rho_4,4.0,400,0.5,1,3000,1410109,9,0,4.5251,data/pilots/final_voter_base_coarse_v1/voter/rho_4/eta_0p5/steps_3000/realization_009_seed_1410109
voter,4.0,rho_4,4.0,400,0.5,1,3000,1410110,10,0,4.1561,data/pilots/final_voter_base_coarse_v1/voter/rho_4/eta_0p5/steps_3000/realization_010_seed_1410110
voter,4.0,rho_4,4.0,400,0.5,1,3000,1410111,11,0,4.6218,data/pilots/final_voter_base_coarse_v1/voter/rho_4/eta_0p5/steps_3000/realization_011_seed_1410111
voter,4.0,rho_4,4.0,400,0.5,1,3000,1410112,12,0,4.5417,data/pilots/final_voter_base_coarse_v1/voter/rho_4/eta_0p5/steps_3000/realization_012_seed_1410112
voter,4.0,rho_4,4.0,400,0.5,1,3000,1410113,13,0,4.2972,data/pilots/final_voter_base_coarse_v1/voter/rho_4/eta_0p5/steps_3000/realization_013_seed_1410113
voter,4.0,rho_4,4.0,400,0.5,1,3000,1410114,14,0,4.4277,data/pilots/final_voter_base_coarse_v1/voter/rho_4/eta_0p5/steps_3000/realization_014_seed_1410114
voter,4.0,rho_4,4.0,400,0.5,1,3000,1410115,15,0,4.3319,data/pilots/final_voter_base_coarse_v1/voter/rho_4/eta_0p5/steps_3000/realization_015_seed_1410115
voter,4.0,rho_4,4.0,400,0.5,1,3000,1410116,16,0,4.6105,data/pilots/final_voter_base_coarse_v1/voter/rho_4/eta_0p5/steps_3000/realization_016_seed_1410116
voter,4.0,rho_4,4.0,400,0.5,1,3000,1410117,17,0,4.3534,data/pilots/final_voter_base_coarse_v1/voter/rho_4/eta_0p5/steps_3000/realization_017_seed_1410117
voter,4.0,rho_4,4.0,400,0.5,1,3000,1410118,18,0,4.2042,data/pilots/final_voter_base_coarse_v1/voter/rho_4/eta_0p5/steps_3000/realization_018_seed_1410118
voter,4.0,rho_4,4.0,400,0.5,1,3000,1410119,19,0,4.1516,data/pilots/final_voter_base_coarse_v1/voter/rho_4/eta_0p5/steps_3000/realization_019_seed_1410119
voter,4.0,rho_4,4.0,400,1.0,2,3000,1410200,0,0,3.9912,data/pilots/final_voter_base_coarse_v1/voter/rho_4/eta_1/steps_3000/realization_000_seed_1410200
voter,4.0,rho_4,4.0,400,1.0,2,3000,1410201,1,0,3.8565,data/pilots/final_voter_base_coarse_v1/voter/rho_4/eta_1/steps_3000/realization_001_seed_1410201
voter,4.0,rho_4,4.0,400,1.0,2,3000,1410202,2,0,3.9723,data/pilots/final_voter_base_coarse_v1/voter/rho_4/eta_1/steps_3000/realization_002_seed_1410202
voter,4.0,rho_4,4.0,400,1.0,2,3000,1410203,3,0,4.0491,data/pilots/final_voter_base_coarse_v1/voter/rho_4/eta_1/steps_3000/realization_003_seed_1410203
voter,4.0,rho_4,4.0,400,1.0,2,3000,1410204,4,0,3.894,data/pilots/final_voter_base_coarse_v1/voter/rho_4/eta_1/steps_3000/realization_004_seed_1410204
voter,4.0,rho_4,4.0,400,1.0,2,3000,1410205,5,0,3.9421,data/pilots/final_voter_base_coarse_v1/voter/rho_4/eta_1/steps_3000/realization_005_seed_1410205
voter,4.0,rho_4,4.0,400,1.0,2,3000,1410206,6,0,3.8658,data/pilots/final_voter_base_coarse_v1/voter/rho_4/eta_1/steps_3000/realization_006_seed_1410206
voter,4.0,rho_4,4.0,400,1.0,2,3000,1410207,7,0,3.8116,data/pilots/final_voter_base_coarse_v1/voter/rho_4/eta_1/steps_3000/realization_007_seed_1410207
voter,4.0,rho_4,4.0,400,1.0,2,3000,1410208,8,0,4.0039,data/pilots/final_voter_base_coarse_v1/voter/rho_4/eta_1/steps_3000/realization_008_seed_1410208
voter,4.0,rho_4,4.0,400,1.0,2,3000,1410209,9,0,3.967,data/pilots/final_voter_base_coarse_v1/voter/rho_4/eta_1/steps_3000/realization_009_seed_1410209
voter,4.0,rho_4,4.0,400,1.0,2,3000,1410210,10,0,4.0233,data/pilots/final_voter_base_coarse_v1/voter/rho_4/eta_1/steps_3000/realization_010_seed_1410210
voter,4.0,rho_4,4.0,400,1.0,2,3000,1410211,11,0,4.1421,data/pilots/final_voter_base_coarse_v1/voter/rho_4/eta_1/steps_3000/realization_011_seed_1410211
voter,4.0,rho_4,4.0,400,1.0,2,3000,1410212,12,0,3.7746,data/pilots/final_voter_base_coarse_v1/voter/rho_4/eta_1/steps_3000/realization_012_seed_1410212
voter,4.0,rho_4,4.0,400,1.0,2,3000,1410213,13,0,3.8892,data/pilots/final_voter_base_coarse_v1/voter/rho_4/eta_1/steps_3000/realization_013_seed_1410213
voter,4.0,rho_4,4.0,400,1.0,2,3000,1410214,14,0,4.0603,data/pilots/final_voter_base_coarse_v1/voter/rho_4/eta_1/steps_3000/realization_014_seed_1410214
voter,4.0,rho_4,4.0,400,1.0,2,3000,1410215,15,0,3.9448,data/pilots/final_voter_base_coarse_v1/voter/rho_4/eta_1/steps_3000/realization_015_seed_1410215
voter,4.0,rho_4,4.0,400,1.0,2,3000,1410216,16,0,3.9748,data/pilots/final_voter_base_coarse_v1/voter/rho_4/eta_1/steps_3000/realization_016_seed_1410216
voter,4.0,rho_4,4.0,400,1.0,2,3000,1410217,17,0,3.9131,data/pilots/final_voter_base_coarse_v1/voter/rho_4/eta_1/steps_3000/realization_017_seed_1410217
voter,4.0,rho_4,4.0,400,1.0,2,3000,1410218,18,0,3.9393,data/pilots/final_voter_base_coarse_v1/voter/rho_4/eta_1/steps_3000/realization_018_seed_1410218
voter,4.0,rho_4,4.0,400,1.0,2,3000,1410219,19,0,3.7763,data/pilots/final_voter_base_coarse_v1/voter/rho_4/eta_1/steps_3000/realization_019_seed_1410219
voter,4.0,rho_4,4.0,400,2.0,3,3000,1410300,0,0,3.769,data/pilots/final_voter_base_coarse_v1/voter/rho_4/eta_2/steps_3000/realization_000_seed_1410300
voter,4.0,rho_4,4.0,400,2.0,3,3000,1410301,1,0,3.5714,data/pilots/final_voter_base_coarse_v1/voter/rho_4/eta_2/steps_3000/realization_001_seed_1410301
voter,4.0,rho_4,4.0,400,2.0,3,3000,1410302,2,0,3.5582,data/pilots/final_voter_base_coarse_v1/voter/rho_4/eta_2/steps_3000/realization_002_seed_1410302
voter,4.0,rho_4,4.0,400,2.0,3,3000,1410303,3,0,3.694,data/pilots/final_voter_base_coarse_v1/voter/rho_4/eta_2/steps_3000/realization_003_seed_1410303
voter,4.0,rho_4,4.0,400,2.0,3,3000,1410304,4,0,3.5936,data/pilots/final_voter_base_coarse_v1/voter/rho_4/eta_2/steps_3000/realization_004_seed_1410304
voter,4.0,rho_4,4.0,400,2.0,3,3000,1410305,5,0,3.5396,data/pilots/final_voter_base_coarse_v1/voter/rho_4/eta_2/steps_3000/realization_005_seed_1410305
voter,4.0,rho_4,4.0,400,2.0,3,3000,1410306,6,0,3.5807,data/pilots/final_voter_base_coarse_v1/voter/rho_4/eta_2/steps_3000/realization_006_seed_1410306
voter,4.0,rho_4,4.0,400,2.0,3,3000,1410307,7,0,3.6244,data/pilots/final_voter_base_coarse_v1/voter/rho_4/eta_2/steps_3000/realization_007_seed_1410307
voter,4.0,rho_4,4.0,400,2.0,3,3000,1410308,8,0,3.5652,data/pilots/final_voter_base_coarse_v1/voter/rho_4/eta_2/steps_3000/realization_008_seed_1410308
voter,4.0,rho_4,4.0,400,2.0,3,3000,1410309,9,0,3.7561,data/pilots/final_voter_base_coarse_v1/voter/rho_4/eta_2/steps_3000/realization_009_seed_1410309
voter,4.0,rho_4,4.0,400,2.0,3,3000,1410310,10,0,3.709,data/pilots/final_voter_base_coarse_v1/voter/rho_4/eta_2/steps_3000/realization_010_seed_1410310
voter,4.0,rho_4,4.0,400,2.0,3,3000,1410311,11,0,3.7013,data/pilots/final_voter_base_coarse_v1/voter/rho_4/eta_2/steps_3000/realization_011_seed_1410311
voter,4.0,rho_4,4.0,400,2.0,3,3000,1410312,12,0,3.509,data/pilots/final_voter_base_coarse_v1/voter/rho_4/eta_2/steps_3000/realization_012_seed_1410312
voter,4.0,rho_4,4.0,400,2.0,3,3000,1410313,13,0,3.6988,data/pilots/final_voter_base_coarse_v1/voter/rho_4/eta_2/steps_3000/realization_013_seed_1410313
voter,4.0,rho_4,4.0,400,2.0,3,3000,1410314,14,0,3.6056,data/pilots/final_voter_base_coarse_v1/voter/rho_4/eta_2/steps_3000/realization_014_seed_1410314
voter,4.0,rho_4,4.0,400,2.0,3,3000,1410315,15,0,3.5042,data/pilots/final_voter_base_coarse_v1/voter/rho_4/eta_2/steps_3000/realization_015_seed_1410315
voter,4.0,rho_4,4.0,400,2.0,3,3000,1410316,16,0,3.6634,data/pilots/final_voter_base_coarse_v1/voter/rho_4/eta_2/steps_3000/realization_016_seed_1410316
voter,4.0,rho_4,4.0,400,2.0,3,3000,1410317,17,0,3.6444,data/pilots/final_voter_base_coarse_v1/voter/rho_4/eta_2/steps_3000/realization_017_seed_1410317
voter,4.0,rho_4,4.0,400,2.0,3,3000,1410318,18,0,3.5477,data/pilots/final_voter_base_coarse_v1/voter/rho_4/eta_2/steps_3000/realization_018_seed_1410318
voter,4.0,rho_4,4.0,400,2.0,3,3000,1410319,19,0,3.6743,data/pilots/final_voter_base_coarse_v1/voter/rho_4/eta_2/steps_3000/realization_019_seed_1410319
voter,4.0,rho_4,4.0,400,3.0,4,3000,1410400,0,0,3.5086,data/pilots/final_voter_base_coarse_v1/voter/rho_4/eta_3/steps_3000/realization_000_seed_1410400
voter,4.0,rho_4,4.0,400,3.0,4,3000,1410401,1,0,3.4847,data/pilots/final_voter_base_coarse_v1/voter/rho_4/eta_3/steps_3000/realization_001_seed_1410401
voter,4.0,rho_4,4.0,400,3.0,4,3000,1410402,2,0,3.5442,data/pilots/final_voter_base_coarse_v1/voter/rho_4/eta_3/steps_3000/realization_002_seed_1410402
voter,4.0,rho_4,4.0,400,3.0,4,3000,1410403,3,0,3.48,data/pilots/final_voter_base_coarse_v1/voter/rho_4/eta_3/steps_3000/realization_003_seed_1410403
voter,4.0,rho_4,4.0,400,3.0,4,3000,1410404,4,0,3.4965,data/pilots/final_voter_base_coarse_v1/voter/rho_4/eta_3/steps_3000/realization_004_seed_1410404
voter,4.0,rho_4,4.0,400,3.0,4,3000,1410405,5,0,3.4303,data/pilots/final_voter_base_coarse_v1/voter/rho_4/eta_3/steps_3000/realization_005_seed_1410405
voter,4.0,rho_4,4.0,400,3.0,4,3000,1410406,6,0,3.5091,data/pilots/final_voter_base_coarse_v1/voter/rho_4/eta_3/steps_3000/realization_006_seed_1410406
voter,4.0,rho_4,4.0,400,3.0,4,3000,1410407,7,0,3.4335,data/pilots/final_voter_base_coarse_v1/voter/rho_4/eta_3/steps_3000/realization_007_seed_1410407
voter,4.0,rho_4,4.0,400,3.0,4,3000,1410408,8,0,3.4642,data/pilots/final_voter_base_coarse_v1/voter/rho_4/eta_3/steps_3000/realization_008_seed_1410408
voter,4.0,rho_4,4.0,400,3.0,4,3000,1410409,9,0,3.4379,data/pilots/final_voter_base_coarse_v1/voter/rho_4/eta_3/steps_3000/realization_009_seed_1410409
voter,4.0,rho_4,4.0,400,3.0,4,3000,1410410,10,0,3.4463,data/pilots/final_voter_base_coarse_v1/voter/rho_4/eta_3/steps_3000/realization_010_seed_1410410
voter,4.0,rho_4,4.0,400,3.0,4,3000,1410411,11,0,3.5497,data/pilots/final_voter_base_coarse_v1/voter/rho_4/eta_3/steps_3000/realization_011_seed_1410411
voter,4.0,rho_4,4.0,400,3.0,4,3000,1410412,12,0,3.5093,data/pilots/final_voter_base_coarse_v1/voter/rho_4/eta_3/steps_3000/realization_012_seed_1410412
voter,4.0,rho_4,4.0,400,3.0,4,3000,1410413,13,0,3.5639,data/pilots/final_voter_base_coarse_v1/voter/rho_4/eta_3/steps_3000/realization_013_seed_1410413
voter,4.0,rho_4,4.0,400,3.0,4,3000,1410414,14,0,3.5331,data/pilots/final_voter_base_coarse_v1/voter/rho_4/eta_3/steps_3000/realization_014_seed_1410414
voter,4.0,rho_4,4.0,400,3.0,4,3000,1410415,15,0,3.6008,data/pilots/final_voter_base_coarse_v1/voter/rho_4/eta_3/steps_3000/realization_015_seed_1410415
voter,4.0,rho_4,4.0,400,3.0,4,3000,1410416,16,0,3.5063,data/pilots/final_voter_base_coarse_v1/voter/rho_4/eta_3/steps_3000/realization_016_seed_1410416
voter,4.0,rho_4,4.0,400,3.0,4,3000,1410417,17,0,3.4613,data/pilots/final_voter_base_coarse_v1/voter/rho_4/eta_3/steps_3000/realization_017_seed_1410417
voter,4.0,rho_4,4.0,400,3.0,4,3000,1410418,18,0,3.5497,data/pilots/final_voter_base_coarse_v1/voter/rho_4/eta_3/steps_3000/realization_018_seed_1410418
voter,4.0,rho_4,4.0,400,3.0,4,3000,1410419,19,0,3.4869,data/pilots/final_voter_base_coarse_v1/voter/rho_4/eta_3/steps_3000/realization_019_seed_1410419
voter,4.0,rho_4,4.0,400,4.0,5,3000,1410500,0,0,3.5215,data/pilots/final_voter_base_coarse_v1/voter/rho_4/eta_4/steps_3000/realization_000_seed_1410500
voter,4.0,rho_4,4.0,400,4.0,5,3000,1410501,1,0,3.4854,data/pilots/final_voter_base_coarse_v1/voter/rho_4/eta_4/steps_3000/realization_001_seed_1410501
voter,4.0,rho_4,4.0,400,4.0,5,3000,1410502,2,0,3.4572,data/pilots/final_voter_base_coarse_v1/voter/rho_4/eta_4/steps_3000/realization_002_seed_1410502
voter,4.0,rho_4,4.0,400,4.0,5,3000,1410503,3,0,3.4496,data/pilots/final_voter_base_coarse_v1/voter/rho_4/eta_4/steps_3000/realization_003_seed_1410503
voter,4.0,rho_4,4.0,400,4.0,5,3000,1410504,4,0,3.4976,data/pilots/final_voter_base_coarse_v1/voter/rho_4/eta_4/steps_3000/realization_004_seed_1410504
voter,4.0,rho_4,4.0,400,4.0,5,3000,1410505,5,0,3.4621,data/pilots/final_voter_base_coarse_v1/voter/rho_4/eta_4/steps_3000/realization_005_seed_1410505
voter,4.0,rho_4,4.0,400,4.0,5,3000,1410506,6,0,3.373,data/pilots/final_voter_base_coarse_v1/voter/rho_4/eta_4/steps_3000/realization_006_seed_1410506
voter,4.0,rho_4,4.0,400,4.0,5,3000,1410507,7,0,3.4571,data/pilots/final_voter_base_coarse_v1/voter/rho_4/eta_4/steps_3000/realization_007_seed_1410507
voter,4.0,rho_4,4.0,400,4.0,5,3000,1410508,8,0,3.4358,data/pilots/final_voter_base_coarse_v1/voter/rho_4/eta_4/steps_3000/realization_008_seed_1410508
voter,4.0,rho_4,4.0,400,4.0,5,3000,1410509,9,0,3.3858,data/pilots/final_voter_base_coarse_v1/voter/rho_4/eta_4/steps_3000/realization_009_seed_1410509
voter,4.0,rho_4,4.0,400,4.0,5,3000,1410510,10,0,3.495,data/pilots/final_voter_base_coarse_v1/voter/rho_4/eta_4/steps_3000/realization_010_seed_1410510
voter,4.0,rho_4,4.0,400,4.0,5,3000,1410511,11,0,3.4581,data/pilots/final_voter_base_coarse_v1/voter/rho_4/eta_4/steps_3000/realization_011_seed_1410511
voter,4.0,rho_4,4.0,400,4.0,5,3000,1410512,12,0,3.4655,data/pilots/final_voter_base_coarse_v1/voter/rho_4/eta_4/steps_3000/realization_012_seed_1410512
voter,4.0,rho_4,4.0,400,4.0,5,3000,1410513,13,0,3.4582,data/pilots/final_voter_base_coarse_v1/voter/rho_4/eta_4/steps_3000/realization_013_seed_1410513
voter,4.0,rho_4,4.0,400,4.0,5,3000,1410514,14,0,3.3823,data/pilots/final_voter_base_coarse_v1/voter/rho_4/eta_4/steps_3000/realization_014_seed_1410514
voter,4.0,rho_4,4.0,400,4.0,5,3000,1410515,15,0,3.367,data/pilots/final_voter_base_coarse_v1/voter/rho_4/eta_4/steps_3000/realization_015_seed_1410515
voter,4.0,rho_4,4.0,400,4.0,5,3000,1410516,16,0,3.4567,data/pilots/final_voter_base_coarse_v1/voter/rho_4/eta_4/steps_3000/realization_016_seed_1410516
voter,4.0,rho_4,4.0,400,4.0,5,3000,1410517,17,0,3.4354,data/pilots/final_voter_base_coarse_v1/voter/rho_4/eta_4/steps_3000/realization_017_seed_1410517
voter,4.0,rho_4,4.0,400,4.0,5,3000,1410518,18,0,3.4574,data/pilots/final_voter_base_coarse_v1/voter/rho_4/eta_4/steps_3000/realization_018_seed_1410518
voter,4.0,rho_4,4.0,400,4.0,5,3000,1410519,19,0,3.4585,data/pilots/final_voter_base_coarse_v1/voter/rho_4/eta_4/steps_3000/realization_019_seed_1410519
voter,4.0,rho_4,4.0,400,5.0,6,3000,1410600,0,0,3.489,data/pilots/final_voter_base_coarse_v1/voter/rho_4/eta_5/steps_3000/realization_000_seed_1410600
voter,4.0,rho_4,4.0,400,5.0,6,3000,1410601,1,0,3.3703,data/pilots/final_voter_base_coarse_v1/voter/rho_4/eta_5/steps_3000/realization_001_seed_1410601
voter,4.0,rho_4,4.0,400,5.0,6,3000,1410602,2,0,3.4324,data/pilots/final_voter_base_coarse_v1/voter/rho_4/eta_5/steps_3000/realization_002_seed_1410602
voter,4.0,rho_4,4.0,400,5.0,6,3000,1410603,3,0,3.4677,data/pilots/final_voter_base_coarse_v1/voter/rho_4/eta_5/steps_3000/realization_003_seed_1410603
voter,4.0,rho_4,4.0,400,5.0,6,3000,1410604,4,0,3.4371,data/pilots/final_voter_base_coarse_v1/voter/rho_4/eta_5/steps_3000/realization_004_seed_1410604
voter,4.0,rho_4,4.0,400,5.0,6,3000,1410605,5,0,3.4794,data/pilots/final_voter_base_coarse_v1/voter/rho_4/eta_5/steps_3000/realization_005_seed_1410605
voter,4.0,rho_4,4.0,400,5.0,6,3000,1410606,6,0,3.3784,data/pilots/final_voter_base_coarse_v1/voter/rho_4/eta_5/steps_3000/realization_006_seed_1410606
voter,4.0,rho_4,4.0,400,5.0,6,3000,1410607,7,0,3.3531,data/pilots/final_voter_base_coarse_v1/voter/rho_4/eta_5/steps_3000/realization_007_seed_1410607
voter,4.0,rho_4,4.0,400,5.0,6,3000,1410608,8,0,3.3342,data/pilots/final_voter_base_coarse_v1/voter/rho_4/eta_5/steps_3000/realization_008_seed_1410608
voter,4.0,rho_4,4.0,400,5.0,6,3000,1410609,9,0,3.353,data/pilots/final_voter_base_coarse_v1/voter/rho_4/eta_5/steps_3000/realization_009_seed_1410609
voter,4.0,rho_4,4.0,400,5.0,6,3000,1410610,10,0,3.3611,data/pilots/final_voter_base_coarse_v1/voter/rho_4/eta_5/steps_3000/realization_010_seed_1410610
voter,4.0,rho_4,4.0,400,5.0,6,3000,1410611,11,0,3.3701,data/pilots/final_voter_base_coarse_v1/voter/rho_4/eta_5/steps_3000/realization_011_seed_1410611
voter,4.0,rho_4,4.0,400,5.0,6,3000,1410612,12,0,3.4852,data/pilots/final_voter_base_coarse_v1/voter/rho_4/eta_5/steps_3000/realization_012_seed_1410612
voter,4.0,rho_4,4.0,400,5.0,6,3000,1410613,13,0,3.3688,data/pilots/final_voter_base_coarse_v1/voter/rho_4/eta_5/steps_3000/realization_013_seed_1410613
voter,4.0,rho_4,4.0,400,5.0,6,3000,1410614,14,0,3.4743,data/pilots/final_voter_base_coarse_v1/voter/rho_4/eta_5/steps_3000/realization_014_seed_1410614
voter,4.0,rho_4,4.0,400,5.0,6,3000,1410615,15,0,3.3236,data/pilots/final_voter_base_coarse_v1/voter/rho_4/eta_5/steps_3000/realization_015_seed_1410615
voter,4.0,rho_4,4.0,400,5.0,6,3000,1410616,16,0,3.4352,data/pilots/final_voter_base_coarse_v1/voter/rho_4/eta_5/steps_3000/realization_016_seed_1410616
voter,4.0,rho_4,4.0,400,5.0,6,3000,1410617,17,0,3.3325,data/pilots/final_voter_base_coarse_v1/voter/rho_4/eta_5/steps_3000/realization_017_seed_1410617
voter,4.0,rho_4,4.0,400,5.0,6,3000,1410618,18,0,3.3694,data/pilots/final_voter_base_coarse_v1/voter/rho_4/eta_5/steps_3000/realization_018_seed_1410618
voter,4.0,rho_4,4.0,400,5.0,6,3000,1410619,19,0,3.4139,data/pilots/final_voter_base_coarse_v1/voter/rho_4/eta_5/steps_3000/realization_019_seed_1410619
voter,4.0,rho_4,4.0,400,6.0,7,3000,1410700,0,0,3.3452,data/pilots/final_voter_base_coarse_v1/voter/rho_4/eta_6/steps_3000/realization_000_seed_1410700
voter,4.0,rho_4,4.0,400,6.0,7,3000,1410701,1,0,3.3758,data/pilots/final_voter_base_coarse_v1/voter/rho_4/eta_6/steps_3000/realization_001_seed_1410701
voter,4.0,rho_4,4.0,400,6.0,7,3000,1410702,2,0,3.3699,data/pilots/final_voter_base_coarse_v1/voter/rho_4/eta_6/steps_3000/realization_002_seed_1410702
voter,4.0,rho_4,4.0,400,6.0,7,3000,1410703,3,0,3.4132,data/pilots/final_voter_base_coarse_v1/voter/rho_4/eta_6/steps_3000/realization_003_seed_1410703
voter,4.0,rho_4,4.0,400,6.0,7,3000,1410704,4,0,3.3896,data/pilots/final_voter_base_coarse_v1/voter/rho_4/eta_6/steps_3000/realization_004_seed_1410704
voter,4.0,rho_4,4.0,400,6.0,7,3000,1410705,5,0,3.3635,data/pilots/final_voter_base_coarse_v1/voter/rho_4/eta_6/steps_3000/realization_005_seed_1410705
voter,4.0,rho_4,4.0,400,6.0,7,3000,1410706,6,0,3.4036,data/pilots/final_voter_base_coarse_v1/voter/rho_4/eta_6/steps_3000/realization_006_seed_1410706
voter,4.0,rho_4,4.0,400,6.0,7,3000,1410707,7,0,3.3597,data/pilots/final_voter_base_coarse_v1/voter/rho_4/eta_6/steps_3000/realization_007_seed_1410707
voter,4.0,rho_4,4.0,400,6.0,7,3000,1410708,8,0,3.3876,data/pilots/final_voter_base_coarse_v1/voter/rho_4/eta_6/steps_3000/realization_008_seed_1410708
voter,4.0,rho_4,4.0,400,6.0,7,3000,1410709,9,0,3.3942,data/pilots/final_voter_base_coarse_v1/voter/rho_4/eta_6/steps_3000/realization_009_seed_1410709
voter,4.0,rho_4,4.0,400,6.0,7,3000,1410710,10,0,3.3536,data/pilots/final_voter_base_coarse_v1/voter/rho_4/eta_6/steps_3000/realization_010_seed_1410710
voter,4.0,rho_4,4.0,400,6.0,7,3000,1410711,11,0,3.4752,data/pilots/final_voter_base_coarse_v1/voter/rho_4/eta_6/steps_3000/realization_011_seed_1410711
voter,4.0,rho_4,4.0,400,6.0,7,3000,1410712,12,0,3.4615,data/pilots/final_voter_base_coarse_v1/voter/rho_4/eta_6/steps_3000/realization_012_seed_1410712
voter,4.0,rho_4,4.0,400,6.0,7,3000,1410713,13,0,3.4023,data/pilots/final_voter_base_coarse_v1/voter/rho_4/eta_6/steps_3000/realization_013_seed_1410713
voter,4.0,rho_4,4.0,400,6.0,7,3000,1410714,14,0,3.4672,data/pilots/final_voter_base_coarse_v1/voter/rho_4/eta_6/steps_3000/realization_014_seed_1410714
voter,4.0,rho_4,4.0,400,6.0,7,3000,1410715,15,0,3.4339,data/pilots/final_voter_base_coarse_v1/voter/rho_4/eta_6/steps_3000/realization_015_seed_1410715
voter,4.0,rho_4,4.0,400,6.0,7,3000,1410716,16,0,3.3857,data/pilots/final_voter_base_coarse_v1/voter/rho_4/eta_6/steps_3000/realization_016_seed_1410716
voter,4.0,rho_4,4.0,400,6.0,7,3000,1410717,17,0,3.408,data/pilots/final_voter_base_coarse_v1/voter/rho_4/eta_6/steps_3000/realization_017_seed_1410717
voter,4.0,rho_4,4.0,400,6.0,7,3000,1410718,18,0,3.455,data/pilots/final_voter_base_coarse_v1/voter/rho_4/eta_6/steps_3000/realization_018_seed_1410718
voter,4.0,rho_4,4.0,400,6.0,7,3000,1410719,19,0,3.3956,data/pilots/final_voter_base_coarse_v1/voter/rho_4/eta_6/steps_3000/realization_019_seed_1410719
voter,8.0,rho_8,8.0,800,0.0,0,3000,1420000,0,0,10.3453,data/pilots/final_voter_base_coarse_v1/voter/rho_8/eta_0/steps_3000/realization_000_seed_1420000
voter,8.0,rho_8,8.0,800,0.0,0,3000,1420001,1,0,12.338,data/pilots/final_voter_base_coarse_v1/voter/rho_8/eta_0/steps_3000/realization_001_seed_1420001
voter,8.0,rho_8,8.0,800,0.0,0,3000,1420002,2,0,11.183,data/pilots/final_voter_base_coarse_v1/voter/rho_8/eta_0/steps_3000/realization_002_seed_1420002
voter,8.0,rho_8,8.0,800,0.0,0,3000,1420003,3,0,9.9762,data/pilots/final_voter_base_coarse_v1/voter/rho_8/eta_0/steps_3000/realization_003_seed_1420003
voter,8.0,rho_8,8.0,800,0.0,0,3000,1420004,4,0,9.4602,data/pilots/final_voter_base_coarse_v1/voter/rho_8/eta_0/steps_3000/realization_004_seed_1420004
voter,8.0,rho_8,8.0,800,0.0,0,3000,1420005,5,0,9.6068,data/pilots/final_voter_base_coarse_v1/voter/rho_8/eta_0/steps_3000/realization_005_seed_1420005
voter,8.0,rho_8,8.0,800,0.0,0,3000,1420006,6,0,10.0129,data/pilots/final_voter_base_coarse_v1/voter/rho_8/eta_0/steps_3000/realization_006_seed_1420006
voter,8.0,rho_8,8.0,800,0.0,0,3000,1420007,7,0,10.1217,data/pilots/final_voter_base_coarse_v1/voter/rho_8/eta_0/steps_3000/realization_007_seed_1420007
voter,8.0,rho_8,8.0,800,0.0,0,3000,1420008,8,0,9.3615,data/pilots/final_voter_base_coarse_v1/voter/rho_8/eta_0/steps_3000/realization_008_seed_1420008
voter,8.0,rho_8,8.0,800,0.0,0,3000,1420009,9,0,10.4845,data/pilots/final_voter_base_coarse_v1/voter/rho_8/eta_0/steps_3000/realization_009_seed_1420009
voter,8.0,rho_8,8.0,800,0.0,0,3000,1420010,10,0,11.8678,data/pilots/final_voter_base_coarse_v1/voter/rho_8/eta_0/steps_3000/realization_010_seed_1420010
voter,8.0,rho_8,8.0,800,0.0,0,3000,1420011,11,0,10.5377,data/pilots/final_voter_base_coarse_v1/voter/rho_8/eta_0/steps_3000/realization_011_seed_1420011
voter,8.0,rho_8,8.0,800,0.0,0,3000,1420012,12,0,10.702,data/pilots/final_voter_base_coarse_v1/voter/rho_8/eta_0/steps_3000/realization_012_seed_1420012
voter,8.0,rho_8,8.0,800,0.0,0,3000,1420013,13,0,11.3598,data/pilots/final_voter_base_coarse_v1/voter/rho_8/eta_0/steps_3000/realization_013_seed_1420013
voter,8.0,rho_8,8.0,800,0.0,0,3000,1420014,14,0,10.214,data/pilots/final_voter_base_coarse_v1/voter/rho_8/eta_0/steps_3000/realization_014_seed_1420014
voter,8.0,rho_8,8.0,800,0.0,0,3000,1420015,15,0,11.8082,data/pilots/final_voter_base_coarse_v1/voter/rho_8/eta_0/steps_3000/realization_015_seed_1420015
voter,8.0,rho_8,8.0,800,0.0,0,3000,1420016,16,0,9.7071,data/pilots/final_voter_base_coarse_v1/voter/rho_8/eta_0/steps_3000/realization_016_seed_1420016
voter,8.0,rho_8,8.0,800,0.0,0,3000,1420017,17,0,9.9433,data/pilots/final_voter_base_coarse_v1/voter/rho_8/eta_0/steps_3000/realization_017_seed_1420017
voter,8.0,rho_8,8.0,800,0.0,0,3000,1420018,18,0,10.0858,data/pilots/final_voter_base_coarse_v1/voter/rho_8/eta_0/steps_3000/realization_018_seed_1420018
voter,8.0,rho_8,8.0,800,0.0,0,3000,1420019,19,0,10.1937,data/pilots/final_voter_base_coarse_v1/voter/rho_8/eta_0/steps_3000/realization_019_seed_1420019
voter,8.0,rho_8,8.0,800,0.5,1,3000,1420100,0,0,12.1098,data/pilots/final_voter_base_coarse_v1/voter/rho_8/eta_0p5/steps_3000/realization_000_seed_1420100
voter,8.0,rho_8,8.0,800,0.5,1,3000,1420101,1,0,10.6578,data/pilots/final_voter_base_coarse_v1/voter/rho_8/eta_0p5/steps_3000/realization_001_seed_1420101
voter,8.0,rho_8,8.0,800,0.5,1,3000,1420102,2,0,11.6053,data/pilots/final_voter_base_coarse_v1/voter/rho_8/eta_0p5/steps_3000/realization_002_seed_1420102
voter,8.0,rho_8,8.0,800,0.5,1,3000,1420103,3,0,10.9931,data/pilots/final_voter_base_coarse_v1/voter/rho_8/eta_0p5/steps_3000/realization_003_seed_1420103
voter,8.0,rho_8,8.0,800,0.5,1,3000,1420104,4,0,10.7014,data/pilots/final_voter_base_coarse_v1/voter/rho_8/eta_0p5/steps_3000/realization_004_seed_1420104
voter,8.0,rho_8,8.0,800,0.5,1,3000,1420105,5,0,11.1157,data/pilots/final_voter_base_coarse_v1/voter/rho_8/eta_0p5/steps_3000/realization_005_seed_1420105
voter,8.0,rho_8,8.0,800,0.5,1,3000,1420106,6,0,11.2056,data/pilots/final_voter_base_coarse_v1/voter/rho_8/eta_0p5/steps_3000/realization_006_seed_1420106
voter,8.0,rho_8,8.0,800,0.5,1,3000,1420107,7,0,11.6808,data/pilots/final_voter_base_coarse_v1/voter/rho_8/eta_0p5/steps_3000/realization_007_seed_1420107
voter,8.0,rho_8,8.0,800,0.5,1,3000,1420108,8,0,10.484,data/pilots/final_voter_base_coarse_v1/voter/rho_8/eta_0p5/steps_3000/realization_008_seed_1420108
voter,8.0,rho_8,8.0,800,0.5,1,3000,1420109,9,0,10.5475,data/pilots/final_voter_base_coarse_v1/voter/rho_8/eta_0p5/steps_3000/realization_009_seed_1420109
voter,8.0,rho_8,8.0,800,0.5,1,3000,1420110,10,0,10.7954,data/pilots/final_voter_base_coarse_v1/voter/rho_8/eta_0p5/steps_3000/realization_010_seed_1420110
voter,8.0,rho_8,8.0,800,0.5,1,3000,1420111,11,0,10.3109,data/pilots/final_voter_base_coarse_v1/voter/rho_8/eta_0p5/steps_3000/realization_011_seed_1420111
voter,8.0,rho_8,8.0,800,0.5,1,3000,1420112,12,0,10.9,data/pilots/final_voter_base_coarse_v1/voter/rho_8/eta_0p5/steps_3000/realization_012_seed_1420112
voter,8.0,rho_8,8.0,800,0.5,1,3000,1420113,13,0,10.7292,data/pilots/final_voter_base_coarse_v1/voter/rho_8/eta_0p5/steps_3000/realization_013_seed_1420113
voter,8.0,rho_8,8.0,800,0.5,1,3000,1420114,14,0,11.2408,data/pilots/final_voter_base_coarse_v1/voter/rho_8/eta_0p5/steps_3000/realization_014_seed_1420114
voter,8.0,rho_8,8.0,800,0.5,1,3000,1420115,15,0,10.9804,data/pilots/final_voter_base_coarse_v1/voter/rho_8/eta_0p5/steps_3000/realization_015_seed_1420115
voter,8.0,rho_8,8.0,800,0.5,1,3000,1420116,16,0,11.3401,data/pilots/final_voter_base_coarse_v1/voter/rho_8/eta_0p5/steps_3000/realization_016_seed_1420116
voter,8.0,rho_8,8.0,800,0.5,1,3000,1420117,17,0,10.6852,data/pilots/final_voter_base_coarse_v1/voter/rho_8/eta_0p5/steps_3000/realization_017_seed_1420117
voter,8.0,rho_8,8.0,800,0.5,1,3000,1420118,18,0,10.5173,data/pilots/final_voter_base_coarse_v1/voter/rho_8/eta_0p5/steps_3000/realization_018_seed_1420118
voter,8.0,rho_8,8.0,800,0.5,1,3000,1420119,19,0,11.9978,data/pilots/final_voter_base_coarse_v1/voter/rho_8/eta_0p5/steps_3000/realization_019_seed_1420119
voter,8.0,rho_8,8.0,800,1.0,2,3000,1420200,0,0,11.7985,data/pilots/final_voter_base_coarse_v1/voter/rho_8/eta_1/steps_3000/realization_000_seed_1420200
voter,8.0,rho_8,8.0,800,1.0,2,3000,1420201,1,0,10.0058,data/pilots/final_voter_base_coarse_v1/voter/rho_8/eta_1/steps_3000/realization_001_seed_1420201
voter,8.0,rho_8,8.0,800,1.0,2,3000,1420202,2,0,10.8335,data/pilots/final_voter_base_coarse_v1/voter/rho_8/eta_1/steps_3000/realization_002_seed_1420202
voter,8.0,rho_8,8.0,800,1.0,2,3000,1420203,3,0,10.5528,data/pilots/final_voter_base_coarse_v1/voter/rho_8/eta_1/steps_3000/realization_003_seed_1420203
voter,8.0,rho_8,8.0,800,1.0,2,3000,1420204,4,0,10.5456,data/pilots/final_voter_base_coarse_v1/voter/rho_8/eta_1/steps_3000/realization_004_seed_1420204
voter,8.0,rho_8,8.0,800,1.0,2,3000,1420205,5,0,10.1846,data/pilots/final_voter_base_coarse_v1/voter/rho_8/eta_1/steps_3000/realization_005_seed_1420205
voter,8.0,rho_8,8.0,800,1.0,2,3000,1420206,6,0,11.1122,data/pilots/final_voter_base_coarse_v1/voter/rho_8/eta_1/steps_3000/realization_006_seed_1420206
voter,8.0,rho_8,8.0,800,1.0,2,3000,1420207,7,0,10.9446,data/pilots/final_voter_base_coarse_v1/voter/rho_8/eta_1/steps_3000/realization_007_seed_1420207
voter,8.0,rho_8,8.0,800,1.0,2,3000,1420208,8,0,10.2369,data/pilots/final_voter_base_coarse_v1/voter/rho_8/eta_1/steps_3000/realization_008_seed_1420208
voter,8.0,rho_8,8.0,800,1.0,2,3000,1420209,9,0,10.5019,data/pilots/final_voter_base_coarse_v1/voter/rho_8/eta_1/steps_3000/realization_009_seed_1420209
voter,8.0,rho_8,8.0,800,1.0,2,3000,1420210,10,0,10.9884,data/pilots/final_voter_base_coarse_v1/voter/rho_8/eta_1/steps_3000/realization_010_seed_1420210
voter,8.0,rho_8,8.0,800,1.0,2,3000,1420211,11,0,10.0329,data/pilots/final_voter_base_coarse_v1/voter/rho_8/eta_1/steps_3000/realization_011_seed_1420211
voter,8.0,rho_8,8.0,800,1.0,2,3000,1420212,12,0,10.2379,data/pilots/final_voter_base_coarse_v1/voter/rho_8/eta_1/steps_3000/realization_012_seed_1420212
voter,8.0,rho_8,8.0,800,1.0,2,3000,1420213,13,0,10.3403,data/pilots/final_voter_base_coarse_v1/voter/rho_8/eta_1/steps_3000/realization_013_seed_1420213
voter,8.0,rho_8,8.0,800,1.0,2,3000,1420214,14,0,10.7317,data/pilots/final_voter_base_coarse_v1/voter/rho_8/eta_1/steps_3000/realization_014_seed_1420214
voter,8.0,rho_8,8.0,800,1.0,2,3000,1420215,15,0,10.5248,data/pilots/final_voter_base_coarse_v1/voter/rho_8/eta_1/steps_3000/realization_015_seed_1420215
voter,8.0,rho_8,8.0,800,1.0,2,3000,1420216,16,0,9.9749,data/pilots/final_voter_base_coarse_v1/voter/rho_8/eta_1/steps_3000/realization_016_seed_1420216
voter,8.0,rho_8,8.0,800,1.0,2,3000,1420217,17,0,10.8023,data/pilots/final_voter_base_coarse_v1/voter/rho_8/eta_1/steps_3000/realization_017_seed_1420217
voter,8.0,rho_8,8.0,800,1.0,2,3000,1420218,18,0,10.337,data/pilots/final_voter_base_coarse_v1/voter/rho_8/eta_1/steps_3000/realization_018_seed_1420218
voter,8.0,rho_8,8.0,800,1.0,2,3000,1420219,19,0,10.6728,data/pilots/final_voter_base_coarse_v1/voter/rho_8/eta_1/steps_3000/realization_019_seed_1420219
voter,8.0,rho_8,8.0,800,2.0,3,3000,1420300,0,0,337.5975,data/pilots/final_voter_base_coarse_v1/voter/rho_8/eta_2/steps_3000/realization_000_seed_1420300
voter,8.0,rho_8,8.0,800,2.0,3,3000,1420301,1,0,337.7894,data/pilots/final_voter_base_coarse_v1/voter/rho_8/eta_2/steps_3000/realization_001_seed_1420301
voter,8.0,rho_8,8.0,800,2.0,3,3000,1420302,2,0,337.6342,data/pilots/final_voter_base_coarse_v1/voter/rho_8/eta_2/steps_3000/realization_002_seed_1420302
voter,8.0,rho_8,8.0,800,2.0,3,3000,1420303,3,0,337.7174,data/pilots/final_voter_base_coarse_v1/voter/rho_8/eta_2/steps_3000/realization_003_seed_1420303
voter,8.0,rho_8,8.0,800,2.0,3,3000,1420304,4,0,337.9722,data/pilots/final_voter_base_coarse_v1/voter/rho_8/eta_2/steps_3000/realization_004_seed_1420304
voter,8.0,rho_8,8.0,800,2.0,3,3000,1420305,5,0,337.5584,data/pilots/final_voter_base_coarse_v1/voter/rho_8/eta_2/steps_3000/realization_005_seed_1420305
voter,8.0,rho_8,8.0,800,2.0,3,3000,1420306,6,0,337.972,data/pilots/final_voter_base_coarse_v1/voter/rho_8/eta_2/steps_3000/realization_006_seed_1420306
voter,8.0,rho_8,8.0,800,2.0,3,3000,1420307,7,0,337.4569,data/pilots/final_voter_base_coarse_v1/voter/rho_8/eta_2/steps_3000/realization_007_seed_1420307
voter,8.0,rho_8,8.0,800,2.0,3,3000,1420308,8,0,337.6694,data/pilots/final_voter_base_coarse_v1/voter/rho_8/eta_2/steps_3000/realization_008_seed_1420308
voter,8.0,rho_8,8.0,800,2.0,3,3000,1420309,9,0,338.1525,data/pilots/final_voter_base_coarse_v1/voter/rho_8/eta_2/steps_3000/realization_009_seed_1420309
voter,8.0,rho_8,8.0,800,2.0,3,3000,1420310,10,0,10.2878,data/pilots/final_voter_base_coarse_v1/voter/rho_8/eta_2/steps_3000/realization_010_seed_1420310
voter,8.0,rho_8,8.0,800,2.0,3,3000,1420311,11,0,10.246,data/pilots/final_voter_base_coarse_v1/voter/rho_8/eta_2/steps_3000/realization_011_seed_1420311
voter,8.0,rho_8,8.0,800,2.0,3,3000,1420312,12,0,10.4175,data/pilots/final_voter_base_coarse_v1/voter/rho_8/eta_2/steps_3000/realization_012_seed_1420312
voter,8.0,rho_8,8.0,800,2.0,3,3000,1420313,13,0,10.4065,data/pilots/final_voter_base_coarse_v1/voter/rho_8/eta_2/steps_3000/realization_013_seed_1420313
voter,8.0,rho_8,8.0,800,2.0,3,3000,1420314,14,0,10.2244,data/pilots/final_voter_base_coarse_v1/voter/rho_8/eta_2/steps_3000/realization_014_seed_1420314
voter,8.0,rho_8,8.0,800,2.0,3,3000,1420315,15,0,10.3966,data/pilots/final_voter_base_coarse_v1/voter/rho_8/eta_2/steps_3000/realization_015_seed_1420315
voter,8.0,rho_8,8.0,800,2.0,3,3000,1420316,16,0,10.6185,data/pilots/final_voter_base_coarse_v1/voter/rho_8/eta_2/steps_3000/realization_016_seed_1420316
voter,8.0,rho_8,8.0,800,2.0,3,3000,1420317,17,0,10.294,data/pilots/final_voter_base_coarse_v1/voter/rho_8/eta_2/steps_3000/realization_017_seed_1420317
voter,8.0,rho_8,8.0,800,2.0,3,3000,1420318,18,0,10.3172,data/pilots/final_voter_base_coarse_v1/voter/rho_8/eta_2/steps_3000/realization_018_seed_1420318
voter,8.0,rho_8,8.0,800,2.0,3,3000,1420319,19,0,10.358,data/pilots/final_voter_base_coarse_v1/voter/rho_8/eta_2/steps_3000/realization_019_seed_1420319
voter,8.0,rho_8,8.0,800,3.0,4,3000,1420400,0,0,9.4119,data/pilots/final_voter_base_coarse_v1/voter/rho_8/eta_3/steps_3000/realization_000_seed_1420400
voter,8.0,rho_8,8.0,800,3.0,4,3000,1420401,1,0,9.2978,data/pilots/final_voter_base_coarse_v1/voter/rho_8/eta_3/steps_3000/realization_001_seed_1420401
voter,8.0,rho_8,8.0,800,3.0,4,3000,1420402,2,0,9.1222,data/pilots/final_voter_base_coarse_v1/voter/rho_8/eta_3/steps_3000/realization_002_seed_1420402
voter,8.0,rho_8,8.0,800,3.0,4,3000,1420403,3,0,9.243,data/pilots/final_voter_base_coarse_v1/voter/rho_8/eta_3/steps_3000/realization_003_seed_1420403
voter,8.0,rho_8,8.0,800,3.0,4,3000,1420404,4,0,9.2828,data/pilots/final_voter_base_coarse_v1/voter/rho_8/eta_3/steps_3000/realization_004_seed_1420404
voter,8.0,rho_8,8.0,800,3.0,4,3000,1420405,5,0,9.1612,data/pilots/final_voter_base_coarse_v1/voter/rho_8/eta_3/steps_3000/realization_005_seed_1420405
voter,8.0,rho_8,8.0,800,3.0,4,3000,1420406,6,0,9.1529,data/pilots/final_voter_base_coarse_v1/voter/rho_8/eta_3/steps_3000/realization_006_seed_1420406
voter,8.0,rho_8,8.0,800,3.0,4,3000,1420407,7,0,9.2063,data/pilots/final_voter_base_coarse_v1/voter/rho_8/eta_3/steps_3000/realization_007_seed_1420407
voter,8.0,rho_8,8.0,800,3.0,4,3000,1420408,8,0,9.2217,data/pilots/final_voter_base_coarse_v1/voter/rho_8/eta_3/steps_3000/realization_008_seed_1420408
voter,8.0,rho_8,8.0,800,3.0,4,3000,1420409,9,0,9.3353,data/pilots/final_voter_base_coarse_v1/voter/rho_8/eta_3/steps_3000/realization_009_seed_1420409
voter,8.0,rho_8,8.0,800,3.0,4,3000,1420410,10,0,9.2255,data/pilots/final_voter_base_coarse_v1/voter/rho_8/eta_3/steps_3000/realization_010_seed_1420410
voter,8.0,rho_8,8.0,800,3.0,4,3000,1420411,11,0,9.085,data/pilots/final_voter_base_coarse_v1/voter/rho_8/eta_3/steps_3000/realization_011_seed_1420411
voter,8.0,rho_8,8.0,800,3.0,4,3000,1420412,12,0,9.2054,data/pilots/final_voter_base_coarse_v1/voter/rho_8/eta_3/steps_3000/realization_012_seed_1420412
voter,8.0,rho_8,8.0,800,3.0,4,3000,1420413,13,0,9.1029,data/pilots/final_voter_base_coarse_v1/voter/rho_8/eta_3/steps_3000/realization_013_seed_1420413
voter,8.0,rho_8,8.0,800,3.0,4,3000,1420414,14,0,8.9601,data/pilots/final_voter_base_coarse_v1/voter/rho_8/eta_3/steps_3000/realization_014_seed_1420414
voter,8.0,rho_8,8.0,800,3.0,4,3000,1420415,15,0,9.1198,data/pilots/final_voter_base_coarse_v1/voter/rho_8/eta_3/steps_3000/realization_015_seed_1420415
voter,8.0,rho_8,8.0,800,3.0,4,3000,1420416,16,0,9.1131,data/pilots/final_voter_base_coarse_v1/voter/rho_8/eta_3/steps_3000/realization_016_seed_1420416
voter,8.0,rho_8,8.0,800,3.0,4,3000,1420417,17,0,9.1615,data/pilots/final_voter_base_coarse_v1/voter/rho_8/eta_3/steps_3000/realization_017_seed_1420417
voter,8.0,rho_8,8.0,800,3.0,4,3000,1420418,18,0,9.0384,data/pilots/final_voter_base_coarse_v1/voter/rho_8/eta_3/steps_3000/realization_018_seed_1420418
voter,8.0,rho_8,8.0,800,3.0,4,3000,1420419,19,0,9.1836,data/pilots/final_voter_base_coarse_v1/voter/rho_8/eta_3/steps_3000/realization_019_seed_1420419
voter,8.0,rho_8,8.0,800,4.0,5,3000,1420500,0,0,8.967,data/pilots/final_voter_base_coarse_v1/voter/rho_8/eta_4/steps_3000/realization_000_seed_1420500
voter,8.0,rho_8,8.0,800,4.0,5,3000,1420501,1,0,8.9756,data/pilots/final_voter_base_coarse_v1/voter/rho_8/eta_4/steps_3000/realization_001_seed_1420501
voter,8.0,rho_8,8.0,800,4.0,5,3000,1420502,2,0,8.8436,data/pilots/final_voter_base_coarse_v1/voter/rho_8/eta_4/steps_3000/realization_002_seed_1420502
voter,8.0,rho_8,8.0,800,4.0,5,3000,1420503,3,0,8.8021,data/pilots/final_voter_base_coarse_v1/voter/rho_8/eta_4/steps_3000/realization_003_seed_1420503
voter,8.0,rho_8,8.0,800,4.0,5,3000,1420504,4,0,8.8191,data/pilots/final_voter_base_coarse_v1/voter/rho_8/eta_4/steps_3000/realization_004_seed_1420504
voter,8.0,rho_8,8.0,800,4.0,5,3000,1420505,5,0,8.8792,data/pilots/final_voter_base_coarse_v1/voter/rho_8/eta_4/steps_3000/realization_005_seed_1420505
voter,8.0,rho_8,8.0,800,4.0,5,3000,1420506,6,0,8.7965,data/pilots/final_voter_base_coarse_v1/voter/rho_8/eta_4/steps_3000/realization_006_seed_1420506
voter,8.0,rho_8,8.0,800,4.0,5,3000,1420507,7,0,8.9097,data/pilots/final_voter_base_coarse_v1/voter/rho_8/eta_4/steps_3000/realization_007_seed_1420507
voter,8.0,rho_8,8.0,800,4.0,5,3000,1420508,8,0,8.8985,data/pilots/final_voter_base_coarse_v1/voter/rho_8/eta_4/steps_3000/realization_008_seed_1420508
voter,8.0,rho_8,8.0,800,4.0,5,3000,1420509,9,0,8.9559,data/pilots/final_voter_base_coarse_v1/voter/rho_8/eta_4/steps_3000/realization_009_seed_1420509
voter,8.0,rho_8,8.0,800,4.0,5,3000,1420510,10,0,8.9247,data/pilots/final_voter_base_coarse_v1/voter/rho_8/eta_4/steps_3000/realization_010_seed_1420510
voter,8.0,rho_8,8.0,800,4.0,5,3000,1420511,11,0,8.9078,data/pilots/final_voter_base_coarse_v1/voter/rho_8/eta_4/steps_3000/realization_011_seed_1420511
voter,8.0,rho_8,8.0,800,4.0,5,3000,1420512,12,0,8.8506,data/pilots/final_voter_base_coarse_v1/voter/rho_8/eta_4/steps_3000/realization_012_seed_1420512
voter,8.0,rho_8,8.0,800,4.0,5,3000,1420513,13,0,8.9172,data/pilots/final_voter_base_coarse_v1/voter/rho_8/eta_4/steps_3000/realization_013_seed_1420513
voter,8.0,rho_8,8.0,800,4.0,5,3000,1420514,14,0,8.8067,data/pilots/final_voter_base_coarse_v1/voter/rho_8/eta_4/steps_3000/realization_014_seed_1420514
voter,8.0,rho_8,8.0,800,4.0,5,3000,1420515,15,0,8.789,data/pilots/final_voter_base_coarse_v1/voter/rho_8/eta_4/steps_3000/realization_015_seed_1420515
voter,8.0,rho_8,8.0,800,4.0,5,3000,1420516,16,0,8.8701,data/pilots/final_voter_base_coarse_v1/voter/rho_8/eta_4/steps_3000/realization_016_seed_1420516
voter,8.0,rho_8,8.0,800,4.0,5,3000,1420517,17,0,8.8743,data/pilots/final_voter_base_coarse_v1/voter/rho_8/eta_4/steps_3000/realization_017_seed_1420517
voter,8.0,rho_8,8.0,800,4.0,5,3000,1420518,18,0,8.9099,data/pilots/final_voter_base_coarse_v1/voter/rho_8/eta_4/steps_3000/realization_018_seed_1420518
voter,8.0,rho_8,8.0,800,4.0,5,3000,1420519,19,0,8.9679,data/pilots/final_voter_base_coarse_v1/voter/rho_8/eta_4/steps_3000/realization_019_seed_1420519
voter,8.0,rho_8,8.0,800,5.0,6,3000,1420600,0,0,8.8577,data/pilots/final_voter_base_coarse_v1/voter/rho_8/eta_5/steps_3000/realization_000_seed_1420600
voter,8.0,rho_8,8.0,800,5.0,6,3000,1420601,1,0,8.838,data/pilots/final_voter_base_coarse_v1/voter/rho_8/eta_5/steps_3000/realization_001_seed_1420601
voter,8.0,rho_8,8.0,800,5.0,6,3000,1420602,2,0,8.7598,data/pilots/final_voter_base_coarse_v1/voter/rho_8/eta_5/steps_3000/realization_002_seed_1420602
voter,8.0,rho_8,8.0,800,5.0,6,3000,1420603,3,0,8.8263,data/pilots/final_voter_base_coarse_v1/voter/rho_8/eta_5/steps_3000/realization_003_seed_1420603
voter,8.0,rho_8,8.0,800,5.0,6,3000,1420604,4,0,8.7861,data/pilots/final_voter_base_coarse_v1/voter/rho_8/eta_5/steps_3000/realization_004_seed_1420604
voter,8.0,rho_8,8.0,800,5.0,6,3000,1420605,5,0,8.8623,data/pilots/final_voter_base_coarse_v1/voter/rho_8/eta_5/steps_3000/realization_005_seed_1420605
voter,8.0,rho_8,8.0,800,5.0,6,3000,1420606,6,0,8.922,data/pilots/final_voter_base_coarse_v1/voter/rho_8/eta_5/steps_3000/realization_006_seed_1420606
voter,8.0,rho_8,8.0,800,5.0,6,3000,1420607,7,0,8.8002,data/pilots/final_voter_base_coarse_v1/voter/rho_8/eta_5/steps_3000/realization_007_seed_1420607
voter,8.0,rho_8,8.0,800,5.0,6,3000,1420608,8,0,8.8419,data/pilots/final_voter_base_coarse_v1/voter/rho_8/eta_5/steps_3000/realization_008_seed_1420608
voter,8.0,rho_8,8.0,800,5.0,6,3000,1420609,9,0,8.8596,data/pilots/final_voter_base_coarse_v1/voter/rho_8/eta_5/steps_3000/realization_009_seed_1420609
voter,8.0,rho_8,8.0,800,5.0,6,3000,1420610,10,0,8.8097,data/pilots/final_voter_base_coarse_v1/voter/rho_8/eta_5/steps_3000/realization_010_seed_1420610
voter,8.0,rho_8,8.0,800,5.0,6,3000,1420611,11,0,8.9642,data/pilots/final_voter_base_coarse_v1/voter/rho_8/eta_5/steps_3000/realization_011_seed_1420611
voter,8.0,rho_8,8.0,800,5.0,6,3000,1420612,12,0,8.9678,data/pilots/final_voter_base_coarse_v1/voter/rho_8/eta_5/steps_3000/realization_012_seed_1420612
voter,8.0,rho_8,8.0,800,5.0,6,3000,1420613,13,0,8.9091,data/pilots/final_voter_base_coarse_v1/voter/rho_8/eta_5/steps_3000/realization_013_seed_1420613
voter,8.0,rho_8,8.0,800,5.0,6,3000,1420614,14,0,8.9445,data/pilots/final_voter_base_coarse_v1/voter/rho_8/eta_5/steps_3000/realization_014_seed_1420614
voter,8.0,rho_8,8.0,800,5.0,6,3000,1420615,15,0,9.004,data/pilots/final_voter_base_coarse_v1/voter/rho_8/eta_5/steps_3000/realization_015_seed_1420615
voter,8.0,rho_8,8.0,800,5.0,6,3000,1420616,16,0,8.9656,data/pilots/final_voter_base_coarse_v1/voter/rho_8/eta_5/steps_3000/realization_016_seed_1420616
voter,8.0,rho_8,8.0,800,5.0,6,3000,1420617,17,0,9.0191,data/pilots/final_voter_base_coarse_v1/voter/rho_8/eta_5/steps_3000/realization_017_seed_1420617
voter,8.0,rho_8,8.0,800,5.0,6,3000,1420618,18,0,8.968,data/pilots/final_voter_base_coarse_v1/voter/rho_8/eta_5/steps_3000/realization_018_seed_1420618
voter,8.0,rho_8,8.0,800,5.0,6,3000,1420619,19,0,9.1143,data/pilots/final_voter_base_coarse_v1/voter/rho_8/eta_5/steps_3000/realization_019_seed_1420619
voter,8.0,rho_8,8.0,800,6.0,7,3000,1420700,0,0,9.0799,data/pilots/final_voter_base_coarse_v1/voter/rho_8/eta_6/steps_3000/realization_000_seed_1420700
voter,8.0,rho_8,8.0,800,6.0,7,3000,1420701,1,0,9.0786,data/pilots/final_voter_base_coarse_v1/voter/rho_8/eta_6/steps_3000/realization_001_seed_1420701
voter,8.0,rho_8,8.0,800,6.0,7,3000,1420702,2,0,8.8986,data/pilots/final_voter_base_coarse_v1/voter/rho_8/eta_6/steps_3000/realization_002_seed_1420702
voter,8.0,rho_8,8.0,800,6.0,7,3000,1420703,3,0,8.9738,data/pilots/final_voter_base_coarse_v1/voter/rho_8/eta_6/steps_3000/realization_003_seed_1420703
voter,8.0,rho_8,8.0,800,6.0,7,3000,1420704,4,0,9.0289,data/pilots/final_voter_base_coarse_v1/voter/rho_8/eta_6/steps_3000/realization_004_seed_1420704
voter,8.0,rho_8,8.0,800,6.0,7,3000,1420705,5,0,9.0285,data/pilots/final_voter_base_coarse_v1/voter/rho_8/eta_6/steps_3000/realization_005_seed_1420705
voter,8.0,rho_8,8.0,800,6.0,7,3000,1420706,6,0,8.9953,data/pilots/final_voter_base_coarse_v1/voter/rho_8/eta_6/steps_3000/realization_006_seed_1420706
voter,8.0,rho_8,8.0,800,6.0,7,3000,1420707,7,0,8.9637,data/pilots/final_voter_base_coarse_v1/voter/rho_8/eta_6/steps_3000/realization_007_seed_1420707
voter,8.0,rho_8,8.0,800,6.0,7,3000,1420708,8,0,9.0874,data/pilots/final_voter_base_coarse_v1/voter/rho_8/eta_6/steps_3000/realization_008_seed_1420708
voter,8.0,rho_8,8.0,800,6.0,7,3000,1420709,9,0,9.2968,data/pilots/final_voter_base_coarse_v1/voter/rho_8/eta_6/steps_3000/realization_009_seed_1420709
voter,8.0,rho_8,8.0,800,6.0,7,3000,1420710,10,0,9.0597,data/pilots/final_voter_base_coarse_v1/voter/rho_8/eta_6/steps_3000/realization_010_seed_1420710
voter,8.0,rho_8,8.0,800,6.0,7,3000,1420711,11,0,9.1089,data/pilots/final_voter_base_coarse_v1/voter/rho_8/eta_6/steps_3000/realization_011_seed_1420711
voter,8.0,rho_8,8.0,800,6.0,7,3000,1420712,12,0,9.0425,data/pilots/final_voter_base_coarse_v1/voter/rho_8/eta_6/steps_3000/realization_012_seed_1420712
voter,8.0,rho_8,8.0,800,6.0,7,3000,1420713,13,0,8.9546,data/pilots/final_voter_base_coarse_v1/voter/rho_8/eta_6/steps_3000/realization_013_seed_1420713
voter,8.0,rho_8,8.0,800,6.0,7,3000,1420714,14,0,8.9416,data/pilots/final_voter_base_coarse_v1/voter/rho_8/eta_6/steps_3000/realization_014_seed_1420714
voter,8.0,rho_8,8.0,800,6.0,7,3000,1420715,15,0,8.924,data/pilots/final_voter_base_coarse_v1/voter/rho_8/eta_6/steps_3000/realization_015_seed_1420715
voter,8.0,rho_8,8.0,800,6.0,7,3000,1420716,16,0,8.9452,data/pilots/final_voter_base_coarse_v1/voter/rho_8/eta_6/steps_3000/realization_016_seed_1420716
voter,8.0,rho_8,8.0,800,6.0,7,3000,1420717,17,0,8.8986,data/pilots/final_voter_base_coarse_v1/voter/rho_8/eta_6/steps_3000/realization_017_seed_1420717
voter,8.0,rho_8,8.0,800,6.0,7,3000,1420718,18,0,8.6897,data/pilots/final_voter_base_coarse_v1/voter/rho_8/eta_6/steps_3000/realization_018_seed_1420718
voter,8.0,rho_8,8.0,800,6.0,7,3000,1420719,19,0,8.3244,data/pilots/final_voter_base_coarse_v1/voter/rho_8/eta_6/steps_3000/realization_019_seed_1420719
