model,rho_label,rho_nominal,N,eta,base_seed,realization,steps,va_t0,S_t0,t_window_start,va_window_mean,va_window_stdev,S_window_mean,S_window_stdev
vicsek,rho_2,2,200,1,2000000,0,3000,0.01933181279822534,0.975,1500,0.9066472854549033,0.03828914809330353,0.9862558294470353,0.03696071488348713
vicsek,rho_2,2,200,1,2000001,1,3000,0.07618996966228557,0.955,1500,0.9319006786965632,0.021807019502162735,0.9914523650899401,0.03658365281971623
vicsek,rho_2,2,200,1,2000002,2,3000,0.10323107553161401,1.0,1500,0.935507093205544,0.016592865705303456,0.9923084610259826,0.035379603033708074
vicsek,rho_2,2,200,1,2000003,3,3000,0.07631151907395871,0.995,1500,0.9366135019208218,0.012164783346057133,0.9893870752831445,0.014014033826047753
vicsek,rho_2,2,200,1,2000004,4,3000,0.01759632765679262,1.0,1500,0.9438620019298413,0.009511351930993879,0.9983544303797468,0.009219560464679179
vicsek,rho_2,2,200,1,2000005,5,3000,0.03289795472705018,1.0,1500,0.936604797002066,0.012730016399982912,0.9944870086608927,0.009231099012934521
vicsek,rho_2,2,200,1,2000006,6,3000,0.13423753038026232,0.995,1500,0.9196911639515217,0.024930233504669257,0.9816688874083943,0.027900609229269617
vicsek,rho_2,2,200,1,2000007,7,3000,0.017828124116210833,0.99,1500,0.9326845389391928,0.020272231449626206,0.9706195869420386,0.04540970339022206
vicsek,rho_2,2,200,1,2000008,8,3000,0.030740696354037946,1.0,1500,0.9051673356001296,0.04879556899325364,0.9711558960692871,0.0754119025321435
vicsek,rho_2,2,200,1,2000009,9,3000,0.03807511221443403,1.0,1500,0.9285779089429013,0.022099054411833356,0.9821419053964023,0.05048689498332223
vicsek,rho_2,2,200,1,2000010,10,3000,0.14057770672360806,1.0,1500,0.9365986192759852,0.014588207721301129,0.9891239173884077,0.02519177545437151
vicsek,rho_2,2,200,1,2000011,11,3000,0.0371270718833858,1.0,1500,0.9375227853215952,0.013818531399237043,0.9920053297801465,0.02314488095810379
vicsek,rho_2,2,200,1,2000012,12,3000,0.0034546865398469573,1.0,1500,0.9276402412528388,0.02470223919555626,0.9794203864090606,0.0591830105544803
vicsek,rho_2,2,200,1,2000013,13,3000,0.07433149170178942,1.0,1500,0.9107363202736328,0.02931880069298369,0.9794970019986675,0.06461047759558232
vicsek,rho_2,2,200,1,2000014,14,3000,0.06511094034737196,0.985,1500,0.9430183474514549,0.010468387697283685,0.999983344437042,0.00028809791219773045
vicsek,rho_2,2,200,1,2000015,15,3000,0.014880672676871489,1.0,1500,0.932615005244795,0.017525661740929677,0.9804497001998668,0.01723609332093794
vicsek,rho_2,2,200,1,2000016,16,3000,0.05752942913651521,1.0,1500,0.9342100298048623,0.019736949608656493,0.9777581612258495,0.07955020627338372
vicsek,rho_2,2,200,1,2000017,17,3000,0.08843775715301282,0.895,1500,0.929015189683984,0.033065913182114014,0.9800366422385077,0.05725582797026181
vicsek,rho_2,2,200,1,2000018,18,3000,0.13722296147379423,1.0,1500,0.9369163137685103,0.021483429303573904,0.9868254497001998,0.026576204559375666
vicsek,rho_2,2,200,1,2000019,19,3000,0.06085340757939123,1.0,1500,0.9310877638138098,0.018450650299805256,0.990919387075283,0.010991221918023441
vicsek,rho_2,2,200,3,2000100,0,3000,0.06424982827105304,0.995,1500,0.3995839682196564,0.1626300163170334,0.9481412391738842,0.10600967253549415
vicsek,rho_2,2,200,3,2000101,1,3000,0.06908625791310502,1.0,1500,0.41583459689599933,0.14896450552432303,0.9323351099267155,0.11777837575693006
vicsek,rho_2,2,200,3,2000102,2,3000,0.02419991049903814,1.0,1500,0.4841800006531883,0.10582863363995854,0.9537974683544302,0.05518097190589806
vicsek,rho_2,2,200,3,2000103,3,3000,0.06739911920846395,0.96,1500,0.47911840002102996,0.11087958402053462,0.9313124583610926,0.06298331820758155
vicsek,rho_2,2,200,3,2000104,4,3000,0.10481904975697982,1.0,1500,0.5163700533546469,0.0854835550501655,0.9465023317788142,0.08447958507451928
vicsek,rho_2,2,200,3,2000105,5,3000,0.09004217950996864,1.0,1500,0.5614860474706322,0.06701185934275798,0.962711525649567,0.03449033205214851
vicsek,rho_2,2,200,3,2000106,6,3000,0.06555424737231214,0.99,1500,0.47735142424240307,0.1312395720717588,0.9077981345769487,0.1495113021487152
vicsek,rho_2,2,200,3,2000107,7,3000,0.10568906413738682,0.995,1500,0.43714746541849037,0.12870376744229628,0.9172485009993337,0.1266856662533774
vicsek,rho_2,2,200,3,2000108,8,3000,0.02699852513497988,1.0,1500,0.5688173383839239,0.054227911386163445,0.9489373750832778,0.03518940956890315
vicsek,rho_2,2,200,3,2000109,9,3000,0.054456944049265876,0.965,1500,0.4647753463430424,0.11803390331044603,0.9085842771485677,0.09512226638517557
vicsek,rho_2,2,200,3,2000110,10,3000,0.03582588634160203,0.98,1500,0.3740503747880408,0.13515964657487126,0.9144437041972018,0.13101817871285756
vicsek,rho_2,2,200,3,2000111,11,3000,0.0767805263916172,0.975,1500,0.4537051198121433,0.10651511948406109,0.9497335109926716,0.08591318226174889
vicsek,rho_2,2,200,3,2000112,12,3000,0.05632591590422681,1.0,1500,0.5005599396297775,0.08905365632560276,0.9565256495669553,0.04096728730635725
vicsek,rho_2,2,200,3,2000113,13,3000,0.04825221737156353,0.995,1500,0.46332252598495255,0.16763907860830213,0.9146502331778815,0.09280222382275091
vicsek,rho_2,2,200,3,2000114,14,3000,0.10101260783579422,1.0,1500,0.4134203169395625,0.1645336945373381,0.8830379746835444,0.18668332575304955
vicsek,rho_2,2,200,3,2000115,15,3000,0.009980473697949147,1.0,1500,0.514157890440516,0.07864608615215532,0.9492604930046635,0.038131134818261456
vicsek,rho_2,2,200,3,2000116,16,3000,0.03167969056726715,0.995,1500,0.48423826470641235,0.09601203010598885,0.9260592938041305,0.09932052877901422
vicsek,rho_2,2,200,3,2000117,17,3000,0.026401842781050972,0.995,1500,0.47596579949263634,0.10507358904979563,0.924450366422385,0.10093688885228329
vicsek,rho_2,2,200,3,2000118,18,3000,0.0988340720013208,0.99,1500,0.48654937045121405,0.0920994175388924,0.9188774150566289,0.08215345095152597
vicsek,rho_2,2,200,3,2000119,19,3000,0.03354833268332192,0.98,1500,0.5118063301230759,0.07719287138461094,0.9481745502998001,0.07443233211339283
vicsek,rho_2,2,200,5,2000200,0,3000,0.06291256325526093,1.0,1500,0.0762548480832124,0.0411831237594226,0.987618254497002,0.016938582078870307
vicsek,rho_2,2,200,5,2000201,1,3000,0.026887325457277567,1.0,1500,0.07842900985340849,0.039870376313597314,0.9772751499000666,0.027581329836633032
vicsek,rho_2,2,200,5,2000202,2,3000,0.08021562560154903,0.935,1500,0.07746818442735698,0.03986131136297427,0.9851165889407063,0.012065350506099182
vicsek,rho_2,2,200,5,2000203,3,3000,0.1008866672537065,1.0,1500,0.07350968149100558,0.038771911671050055,0.9949100599600266,0.011283779934194636
vicsek,rho_2,2,200,5,2000204,4,3000,0.060798368173980204,0.96,1500,0.0762029111702658,0.038795171734945434,0.9913357761492337,0.016715608618878476
vicsek,rho_2,2,200,5,2000205,5,3000,0.051801887032238376,1.0,1500,0.07744585742589517,0.03909675837513847,0.9905029980013323,0.02644926807717214
vicsek,rho_2,2,200,5,2000206,6,3000,0.02717341562845094,0.99,1500,0.07559166983023853,0.03857684906455708,0.9845736175882746,0.026485538588723743
vicsek,rho_2,2,200,5,2000207,7,3000,0.01461578110759717,0.995,1500,0.07493816583230441,0.03755577726172983,0.9477748167888074,0.11115848049905372
vicsek,rho_2,2,200,5,2000208,8,3000,0.06089544255814922,0.985,1500,0.0774973816377153,0.03970282379120836,0.9639207195203198,0.052370213711859105
vicsek,rho_2,2,200,5,2000209,9,3000,0.02207024534999646,0.995,1500,0.07724263967041683,0.040021614423757,0.9782511658894071,0.02502409645463512
vicsek,rho_2,2,200,5,2000210,10,3000,0.12566726277729515,0.99,1500,0.07650779916920913,0.040359335881241326,0.9890273151232511,0.021687316422068083
vicsek,rho_2,2,200,5,2000211,11,3000,0.05768713895385167,0.995,1500,0.07507351020939404,0.03974165820148899,0.9828447701532311,0.04437104192364139
vicsek,rho_2,2,200,5,2000212,12,3000,0.022413752310628955,0.99,1500,0.07502770012419262,0.039124887326926164,0.990786142571619,0.013194651768303778
vicsek,rho_2,2,200,5,2000213,13,3000,0.041529254976204834,0.99,1500,0.0755086987989508,0.03983390886309623,0.99190872751499,0.02022700116335409
vicsek,rho_2,2,200,5,2000214,14,3000,0.055610456913572096,0.955,1500,0.07607720731359738,0.039668421064726754,0.9904063957361758,0.028770058305421578
vicsek,rho_2,2,200,5,2000215,15,3000,0.02519878124984459,0.99,1500,0.07929723715481979,0.04309439612346349,0.9851232511658895,0.025287187225899104
vicsek,rho_2,2,200,5,2000216,16,3000,0.03292952800987805,1.0,1500,0.07616054488324298,0.039357698696655695,0.9804963357761491,0.03206272198577481
vicsek,rho_2,2,200,5,2000217,17,3000,0.04764139408153696,1.0,1500,0.0780819033972707,0.03969485744814089,0.960896069287142,0.0522066040350192
vicsek,rho_2,2,200,5,2000218,18,3000,0.06756806183046303,0.995,1500,0.07561622684486052,0.03818333210313594,0.9914823451032644,0.022753154742357624
vicsek,rho_2,2,200,5,2000219,19,3000,0.05125461330787295,0.995,1500,0.07287406028505063,0.03804465279624347,0.9932878081279147,0.012244719507687636
vicsek,rho_4,4,400,1,2030000,0,3000,0.068225391981828,1.0,1500,0.9491743451105772,0.005069318205498786,0.9974999999999999,0.002227859457302531
vicsek,rho_4,4,400,1,2030001,1,3000,0.067316415598331,1.0,1500,0.9499935052508187,0.0053854736508566255,0.9999633577614923,0.00030043791809007344
vicsek,rho_4,4,400,1,2030002,2,3000,0.07834052230061926,1.0,1500,0.942684067552556,0.01036175830541976,0.9996435709526982,0.0012767616168696042
vicsek,rho_4,4,400,1,2030003,3,3000,0.07586593882402236,1.0,1500,0.9455777041062206,0.007244598795314019,0.9993520986009327,0.0017791384723517528
vicsek,rho_4,4,400,1,2030004,4,3000,0.04847191854629138,1.0,1500,0.941684120406026,0.010953699078415039,0.9981745502998002,0.009859886762516852
vicsek,rho_4,4,400,1,2030005,5,3000,0.022797765448731987,1.0,1500,0.9522593282858072,0.004470034170084571,0.9956195869420386,0.008466191892413214
vicsek,rho_4,4,400,1,2030006,6,3000,0.025921040132967314,1.0,1500,0.9443162521459681,0.006583894317371447,0.999983344437042,0.00020337526795955146
vicsek,rho_4,4,400,1,2030007,7,3000,0.030815940278251405,1.0,1500,0.9488294934980027,0.005023161132428483,0.9991922051965356,0.0017675170313829558
vicsek,rho_4,4,400,1,2030008,8,3000,0.04593991258115548,1.0,1500,0.9430800739213783,0.008156148779388887,0.9997168554297136,0.0008530087665326877
vicsek,rho_4,4,400,1,2030009,9,3000,0.048612681991896826,1.0,1500,0.9492931908506188,0.004873710908985834,0.9988141239173884,0.003535688474207407
vicsek,rho_4,4,400,1,2030010,10,3000,0.030753334532288443,1.0,1500,0.9448717409758367,0.007717268354570085,0.999240506329114,0.002813806402807101
vicsek,rho_4,4,400,1,2030011,11,3000,0.05833571354831789,1.0,1500,0.9464914845346847,0.009153855740156681,0.9998984010659561,0.0005861811746032234
vicsek,rho_4,4,400,1,2030012,12,3000,0.09587038529912113,1.0,1500,0.9358372048139456,0.015606261703979314,0.9998301132578282,0.0006487208141419258
vicsek,rho_4,4,400,1,2030013,13,3000,0.046315623460623276,1.0,1500,0.9457220856287565,0.007632259192308704,0.9951132578281146,0.006447308398788419
vicsek,rho_4,4,400,1,2030014,14,3000,0.04606252044288536,1.0,1500,0.9402264355952197,0.011098090884053767,0.9989273817455031,0.003218459893196919
vicsek,rho_4,4,400,1,2030015,15,3000,0.07058115489064279,1.0,1500,0.9456086196613576,0.00777287083400473,0.9988324450366421,0.002189796751132281
vicsek,rho_4,4,400,1,2030016,16,3000,0.04234583145599947,1.0,1500,0.9456953025041921,0.007027892088854743,0.9969187208527648,0.0041868090135823
vicsek,rho_4,4,400,1,2030017,17,3000,0.04385164982598662,1.0,1500,0.9460612088043201,0.006681022382568188,0.99836109260493,0.004126238154931337
vicsek,rho_4,4,400,1,2030018,18,3000,0.05666041335598357,1.0,1500,0.9403804934283406,0.0094404918182721,0.9993587608261159,0.0021286969323206337
vicsek,rho_4,4,400,1,2030019,19,3000,0.032767394160128915,1.0,1500,0.9420002604884822,0.008016028424480143,0.9995253164556961,0.0026281971709791164
vicsek,rho_4,4,400,3,2030100,0,3000,0.06754540678130531,1.0,1500,0.5525434127238184,0.08827305490117897,0.9949600266489007,0.0045708648921236
vicsek,rho_4,4,400,3,2030101,1,3000,0.05824489283381944,1.0,1500,0.54573813847236,0.06763246875598927,0.9894003997335109,0.01573902036337631
vicsek,rho_4,4,400,3,2030102,2,3000,0.04194002454455168,1.0,1500,0.5286960226218171,0.12170603850131194,0.9925366422385078,0.0101236685054669
vicsek,rho_4,4,400,3,2030103,3,3000,0.04311697671457196,1.0,1500,0.5423725332430928,0.07369430745817883,0.9978580946035976,0.004096501989260122
vicsek,rho_4,4,400,3,2030104,4,3000,0.03621345534976956,1.0,1500,0.5820204171312364,0.044785520348923025,0.9910692871419055,0.010041844302724538
vicsek,rho_4,4,400,3,2030105,5,3000,0.06169166532086378,1.0,1500,0.5623127692108043,0.05463242572366584,0.9967621585609594,0.005360215088996716
vicsek,rho_4,4,400,3,2030106,6,3000,0.02858271561436674,1.0,1500,0.5102406402589375,0.12006895988386844,0.9881528980679547,0.03181349882451313
vicsek,rho_4,4,400,3,2030107,7,3000,0.002776245009358921,1.0,1500,0.5658327977881176,0.05430345164486186,0.9946702198534311,0.012819839066950002
vicsek,rho_4,4,400,3,2030108,8,3000,0.03331219651783566,1.0,1500,0.5456023162024495,0.08494819685801108,0.993514323784144,0.010141797538941514
vicsek,rho_4,4,400,3,2030109,9,3000,0.028386107891805325,1.0,1500,0.5678282764393249,0.07748959901279916,0.9925666222518321,0.0057596391282746726
vicsek,rho_4,4,400,3,2030110,10,3000,0.024173948189302723,1.0,1500,0.5460949284157182,0.08135792386340607,0.9937025316455697,0.006542126614443128
vicsek,rho_4,4,400,3,2030111,11,3000,0.023775035824447545,1.0,1500,0.5742548784258735,0.0521122624074601,0.9918537641572286,0.010895853388986644
vicsek,rho_4,4,400,3,2030112,12,3000,0.10415383531789557,1.0,1500,0.5042183987861979,0.14299747685750344,0.9950849433710859,0.006657131630496753
vicsek,rho_4,4,400,3,2030113,13,3000,0.08056406104962605,1.0,1500,0.5514681966862853,0.07485380603652932,0.9944287141905397,0.009024408843553577
vicsek,rho_4,4,400,3,2030114,14,3000,0.07166887002089128,1.0,1500,0.5387640359583407,0.07839356959047238,0.9939506995336442,0.01180806000110377
vicsek,rho_4,4,400,3,2030115,15,3000,0.05634352344200242,1.0,1500,0.5813469539597099,0.052342989471506465,0.9791055962691539,0.024287899743389296
vicsek,rho_4,4,400,3,2030116,16,3000,0.056298974960784835,1.0,1500,0.5734293908300453,0.0606704582085439,0.9885809460359761,0.025276814115242883
vicsek,rho_4,4,400,3,2030117,17,3000,0.02357062344549131,1.0,1500,0.5344049846775808,0.10511452826032805,0.992576615589607,0.00853983842028839
vicsek,rho_4,4,400,3,2030118,18,3000,0.02830112886198842,1.0,1500,0.5806111037167344,0.050341537293201614,0.9894487008660894,0.012061773324321257
vicsek,rho_4,4,400,3,2030119,19,3000,0.0356854519571039,1.0,1500,0.551674514962333,0.05685550834628709,0.9914540306462359,0.026236831068938822
vicsek,rho_4,4,400,5,2030200,0,3000,0.0782661512263859,1.0,1500,0.06572432455708793,0.03380427063585516,0.9999183877415057,0.00044426353158827684
vicsek,rho_4,4,400,5,2030201,1,3000,0.06678173250961905,1.0,1500,0.06692381803934462,0.033704054994472765,0.9999583610926049,0.00031994291659390633
vicsek,rho_4,4,400,5,2030202,2,3000,0.015486908265963282,1.0,1500,0.06673508361051711,0.034878323213851294,0.9992804796802133,0.0011318530420866728
vicsek,rho_4,4,400,5,2030203,3,3000,0.07494991321899945,1.0,1500,0.06431503301426772,0.0332614752168743,1.0,0.0
vicsek,rho_4,4,400,5,2030204,4,3000,0.055597040485967225,1.0,1500,0.0706970024450325,0.036791120817707273,0.9998051299133911,0.0007899900486250618
vicsek,rho_4,4,400,5,2030205,5,3000,0.04504912391057896,1.0,1500,0.06731377373527282,0.034237104188714,0.9999733510992672,0.0002567334959093575
vicsek,rho_4,4,400,5,2030206,6,3000,0.028582238904735612,1.0,1500,0.06508509385857683,0.034184388317225985,0.9993454363757495,0.0014716148927354884
vicsek,rho_4,4,400,5,2030207,7,3000,0.04958219357924361,1.0,1500,0.06679792844909463,0.033378009515622226,0.9999433710859427,0.0003719750680300004
vicsek,rho_4,4,400,5,2030208,8,3000,0.019785374682473333,1.0,1500,0.062114106910835826,0.03366042958559103,0.9997534976682213,0.0009773566088523177
vicsek,rho_4,4,400,5,2030209,9,3000,0.08078055715295658,1.0,1500,0.06433093445956076,0.03311288382401078,0.9997684876748834,0.0007246950090283227
vicsek,rho_4,4,400,5,2030210,10,3000,0.02279484559253238,1.0,1500,0.06170742506181796,0.03229729899181281,0.9996752165223185,0.001334450522732759
vicsek,rho_4,4,400,5,2030211,11,3000,0.06127952561122279,1.0,1500,0.06515680491500961,0.034111025984803624,0.9999250499666889,0.0005971942622327866
vicsek,rho_4,4,400,5,2030212,12,3000,0.06008817556794091,1.0,1500,0.06643502545486067,0.032915527043936604,0.999653564290473,0.0013461157462476127
vicsek,rho_4,4,400,5,2030213,13,3000,0.03474851228899869,1.0,1500,0.06729966896826245,0.03573459627905445,0.9993704197201866,0.0017491878072582064
vicsek,rho_4,4,400,5,2030214,14,3000,0.021759620560250333,1.0,1500,0.06546782308991492,0.034148127751215736,0.9997435043304463,0.0011068044546112925
vicsek,rho_4,4,400,5,2030215,15,3000,0.08357539239929741,1.0,1500,0.06510704971357391,0.03507094308229574,0.9998700866089274,0.0005548927720754213
vicsek,rho_4,4,400,5,2030216,16,3000,0.06391026955517494,1.0,1500,0.06684549730952004,0.03434010167888883,0.9999050632911393,0.0007034328687167135
vicsek,rho_4,4,400,5,2030217,17,3000,0.03829502208775097,1.0,1500,0.06624027144376769,0.03527830096472717,0.9999900066622252,0.0001577449765829623
vicsek,rho_4,4,400,5,2030218,18,3000,0.03523942407245626,1.0,1500,0.06916601681133105,0.034734231459138,0.9997101932045304,0.001334704114251061
vicsek,rho_4,4,400,5,2030219,19,3000,0.046147951054770944,1.0,1500,0.06734760933917087,0.033145512500405976,0.9999966688874083,0.00012901343591630314
vicsek,rho_8,8,800,1,2060000,0,3000,0.05016811072666132,1.0,1500,0.9542758619498544,0.0026613497870069595,0.9997768154563624,0.0005880121425059496
vicsek,rho_8,8,800,1,2060001,1,3000,0.01997139079860704,1.0,1500,0.9529075414906075,0.0030601922952179224,0.9999675216522319,0.00019885444836976196
vicsek,rho_8,8,800,1,2060002,2,3000,0.02807921694577038,1.0,1500,0.9521359667594941,0.00499218466319009,1.0,0.0
vicsek,rho_8,8,800,1,2060003,3,3000,0.02049185980936089,1.0,1500,0.9490326100699192,0.010356556562993955,0.9998959027315123,0.00044307710726674827
vicsek,rho_8,8,800,1,2060004,4,3000,0.04426351402838126,1.0,1500,0.9534899129651149,0.003108139439569244,1.0,0.0
vicsek,rho_8,8,800,1,2060005,5,3000,0.02526900360483726,1.0,1500,0.9531133141543767,0.004837009883174643,1.0,0.0
vicsek,rho_8,8,800,1,2060006,6,3000,0.017024501905237858,1.0,1500,0.9528778414929431,0.0038807842272112533,0.9999017321785476,0.0003364196963354816
vicsek,rho_8,8,800,1,2060007,7,3000,0.048040871805501935,1.0,1500,0.9526009495650442,0.003348843406020651,1.0,0.0
vicsek,rho_8,8,800,1,2060008,8,3000,0.007569930493655449,1.0,1500,0.951960647971364,0.0038283929431847524,0.9999275483011325,0.00029208795749824737
vicsek,rho_8,8,800,1,2060009,9,3000,0.017227336560875613,1.0,1500,0.9539381416391004,0.0028395317837352813,0.9996585609593603,0.001022323284411335
vicsek,rho_8,8,800,1,2060010,10,3000,0.02196833384507107,1.0,1500,0.9526092464514483,0.0033617370154753706,0.9999850099933377,0.00013606178018843915
vicsek,rho_8,8,800,1,2060011,11,3000,0.0182144203952075,1.0,1500,0.9532772745341629,0.0025343998349822523,0.9999383744170554,0.000270618303533966
vicsek,rho_8,8,800,1,2060012,12,3000,0.04018473874820225,1.0,1500,0.9532427408976792,0.0030365991218430496,1.0,0.0
vicsek,rho_8,8,800,1,2060013,13,3000,0.047249745494505294,1.0,1500,0.9529350895329797,0.0029724386708978316,1.0,0.0
vicsek,rho_8,8,800,1,2060014,14,3000,0.0659743529628808,1.0,1500,0.953106425044558,0.0026572085262139443,1.0,0.0
vicsek,rho_8,8,800,1,2060015,15,3000,0.01781208861845186,1.0,1500,0.9539231896491447,0.0026509967223643746,1.0,0.0
vicsek,rho_8,8,800,1,2060016,16,3000,0.057974999101845455,1.0,1500,0.9527909624114413,0.0036578845035250647,0.9999042305129914,0.0004258241499616188
vicsek,rho_8,8,800,1,2060017,17,3000,0.027189162820886646,1.0,1500,0.9523767047632692,0.0029749836330773233,0.9999300466355763,0.0004415577904443904
vicsek,rho_8,8,800,1,2060018,18,3000,0.03622472194855364,1.0,1500,0.9530417929397289,0.003029421603746766,0.9998925716189206,0.0006052538538075969
vicsek,rho_8,8,800,1,2060019,19,3000,0.03027184014788742,1.0,1500,0.9546953256868457,0.0022999911933805897,0.9997943037974684,0.00046347526948976257
vicsek,rho_8,8,800,3,2060100,0,3000,0.024523094554363193,1.0,1500,0.6228390949518565,0.023853985427092942,0.9997618254497002,0.0006100439572347998
vicsek,rho_8,8,800,3,2060101,1,3000,0.04528824840900243,1.0,1500,0.6053649655145358,0.04194044570847896,0.998336109260493,0.0026469229527841445
vicsek,rho_8,8,800,3,2060102,2,3000,0.07978799674743355,1.0,1500,0.605910079638242,0.02952574185922356,0.9997926382411726,0.0004953287137718104
vicsek,rho_8,8,800,3,2060103,3,3000,0.040064796101308975,1.0,1500,0.630977683077151,0.019261931790485978,0.9981445702864756,0.002399912313498462
vicsek,rho_8,8,800,3,2060104,4,3000,0.03704406657446909,1.0,1500,0.6263651681557358,0.021580192738883366,0.9984485343104598,0.0023512313775965635
vicsek,rho_8,8,800,3,2060105,5,3000,0.02494091880064743,1.0,1500,0.6243299722479579,0.0242945491539786,0.9991197534976682,0.0013367871455898749
vicsek,rho_8,8,800,3,2060106,6,3000,0.031959697934023416,1.0,1500,0.6191816778213673,0.02348982552987669,0.999704363757495,0.0009991665138724215
vicsek,rho_8,8,800,3,2060107,7,3000,0.02112970354846274,1.0,1500,0.6131295469827124,0.03123217309597057,0.9997918054630246,0.0005846494062068365
vicsek,rho_8,8,800,3,2060108,8,3000,0.012519327502223192,1.0,1500,0.6101792642855102,0.031139645227294708,0.9992413391072618,0.0011269774709887362
vicsek,rho_8,8,800,3,2060109,9,3000,0.030862957483906307,1.0,1500,0.6135497606474675,0.03204434902182982,0.9993204530313125,0.001438701319582281
vicsek,rho_8,8,800,3,2060110,10,3000,0.02615160464716631,1.0,1500,0.5970111171075243,0.03829590154908179,0.9996852098600932,0.0006985812494534776
vicsek,rho_8,8,800,3,2060111,11,3000,0.01581811855999536,1.0,1500,0.6310037039195653,0.01737803671254732,0.9976640572951366,0.003454994105812762
vicsek,rho_8,8,800,3,2060112,12,3000,0.022344250828642158,1.0,1500,0.612110471628478,0.03261706341693526,0.9997226848767489,0.0006745616090381931
vicsek,rho_8,8,800,3,2060113,13,3000,0.015640985015096125,1.0,1500,0.6015153064525914,0.047236139445479594,0.9994145569620253,0.0011091285660985134
vicsek,rho_8,8,800,3,2060114,14,3000,0.044084783872866844,1.0,1500,0.6301677463266981,0.018669723543105896,0.9983935709526983,0.002370030719081383
vicsek,rho_8,8,800,3,2060115,15,3000,0.043050131508382154,1.0,1500,0.5960707255447567,0.04878342074749039,0.9986767155229848,0.002868575138078769
vicsek,rho_8,8,800,3,2060116,16,3000,0.036279363392561194,1.0,1500,0.6257520431368487,0.018918575256029913,0.9997526648900733,0.000759566718088002
vicsek,rho_8,8,800,3,2060117,17,3000,0.04359257481568686,1.0,1500,0.6163745595236177,0.027410020799000383,0.999316289140573,0.0014188648169444528
vicsek,rho_8,8,800,3,2060118,18,3000,0.043256080350023346,1.0,1500,0.6073802867510811,0.03791113735160671,0.9999200532978015,0.00035322950485773964
vicsek,rho_8,8,800,3,2060119,19,3000,0.06232951234217946,1.0,1500,0.6158433481204719,0.02725823326261051,0.9996827115256496,0.001084712638622844
vicsek,rho_8,8,800,5,2060200,0,3000,0.061912478901911434,1.0,1500,0.07131912001409223,0.03467891562173477,1.0,0.0
vicsek,rho_8,8,800,5,2060201,1,3000,0.021527977253408968,1.0,1500,0.07847537024849079,0.0390688255315264,1.0,0.0
vicsek,rho_8,8,800,5,2060202,2,3000,0.04754485412062363,1.0,1500,0.0733865232807121,0.035886185007624916,1.0,0.0
vicsek,rho_8,8,800,5,2060203,3,3000,0.022985809996433272,1.0,1500,0.07135296117896743,0.03499163602718423,0.9999941705529647,8.516352706058768e-05
vicsek,rho_8,8,800,5,2060204,4,3000,0.011886357311505216,1.0,1500,0.08208925451773401,0.03849367052932377,1.0,0.0
vicsek,rho_8,8,800,5,2060205,5,3000,0.03629491295214334,1.0,1500,0.07426455367665366,0.035470918131222016,1.0,0.0
vicsek,rho_8,8,800,5,2060206,6,3000,0.03887330855424977,1.0,1500,0.07051478652945141,0.0356581322331397,1.0,0.0
vicsek,rho_8,8,800,5,2060207,7,3000,0.02044630900291681,1.0,1500,0.07574151164891171,0.03521484996401791,0.9999933377748168,9.101316517197841e-05
vicsek,rho_8,8,800,5,2060208,8,3000,0.010293148375059891,1.0,1500,0.06874623202853378,0.03313203231148175,0.9999933377748168,9.101316517197841e-05
vicsek,rho_8,8,800,5,2060209,9,3000,0.04135569439597472,1.0,1500,0.0747279639815501,0.03816548071461263,0.9999775149900066,0.00016613454432257773
vicsek,rho_8,8,800,5,2060210,10,3000,0.06066495051879968,1.0,1500,0.06808744796982795,0.0328806439352498,1.0,0.0
vicsek,rho_8,8,800,5,2060211,11,3000,0.025933286335019456,1.0,1500,0.0752548757984356,0.035311664808536064,1.0,0.0
vicsek,rho_8,8,800,5,2060212,12,3000,0.019706661911719593,1.0,1500,0.07023187982467222,0.03516012027664956,1.0,0.0
vicsek,rho_8,8,800,5,2060213,13,3000,0.020998108920932707,1.0,1500,0.07262362691208633,0.0348601690552439,1.0,0.0
vicsek,rho_8,8,800,5,2060214,14,3000,0.03267674974043325,1.0,1500,0.0779703206151346,0.0354837978277137,0.9997984676882079,0.0008014130074954231
vicsek,rho_8,8,800,5,2060215,15,3000,0.02046795581433353,1.0,1500,0.07030614680551427,0.034708266019389825,1.0,0.0
vicsek,rho_8,8,800,5,2060216,16,3000,0.015248473331608827,1.0,1500,0.07783623071894726,0.03812807066948155,1.0,0.0
vicsek,rho_8,8,800,5,2060217,17,3000,0.03230030339536809,1.0,1500,0.07127589602379368,0.034437895008908974,1.0,0.0
vicsek,rho_8,8,800,5,2060218,18,3000,0.023301423897464115,1.0,1500,0.07146971038485866,0.03548967555620276,1.0,0.0
vicsek,rho_8,8,800,5,2060219,19,3000,0.007209676161624184,1.0,1500,0.07568848012269493,0.03608703528969762,1.0,0.0
