model,rho_nominal,rho_label,N,eta,eta_index,steps,base_seed,realization,returncode,elapsed_s
vicsek,0.3183098861837907,rho_1_over_pi,32,0.0,0,3000,1250000,0,0,0.334
vicsek,0.3183098861837907,rho_1_over_pi,32,0.0,0,3000,1250001,1,0,0.3366
vicsek,0.3183098861837907,rho_1_over_pi,32,0.0,0,3000,1250002,2,0,0.3432
vicsek,0.3183098861837907,rho_1_over_pi,32,0.0,0,3000,1250003,3,0,0.3241
vicsek,0.3183098861837907,rho_1_over_pi,32,0.0,0,3000,1250004,4,0,0.3184
vicsek,0.3183098861837907,rho_1_over_pi,32,0.0,0,3000,1250005,5,0,0.3308
vicsek,0.3183098861837907,rho_1_over_pi,32,0.0,0,3000,1250006,6,0,0.3325
vicsek,0.3183098861837907,rho_1_over_pi,32,0.0,0,3000,1250007,7,0,0.3467
vicsek,0.3183098861837907,rho_1_over_pi,32,0.0,0,3000,1250008,8,0,0.3638
vicsek,0.3183098861837907,rho_1_over_pi,32,0.0,0,3000,1250009,9,0,0.3818
vicsek,0.3183098861837907,rho_1_over_pi,32,0.0,0,3000,1250010,10,0,0.4043
vicsek,0.3183098861837907,rho_1_over_pi,32,0.0,0,3000,1250011,11,0,0.3759
vicsek,0.3183098861837907,rho_1_over_pi,32,0.0,0,3000,1250012,12,0,0.3506
vicsek,0.3183098861837907,rho_1_over_pi,32,0.0,0,3000,1250013,13,0,0.4312
vicsek,0.3183098861837907,rho_1_over_pi,32,0.0,0,3000,1250014,14,0,0.4048
vicsek,0.3183098861837907,rho_1_over_pi,32,0.0,0,3000,1250015,15,0,0.3566
vicsek,0.3183098861837907,rho_1_over_pi,32,0.0,0,3000,1250016,16,0,0.3324
vicsek,0.3183098861837907,rho_1_over_pi,32,0.0,0,3000,1250017,17,0,0.3461
vicsek,0.3183098861837907,rho_1_over_pi,32,0.0,0,3000,1250018,18,0,0.3175
vicsek,0.3183098861837907,rho_1_over_pi,32,0.0,0,3000,1250019,19,0,0.3496
vicsek,0.3183098861837907,rho_1_over_pi,32,0.05,1,3000,1250100,0,0,0.3512
vicsek,0.3183098861837907,rho_1_over_pi,32,0.05,1,3000,1250101,1,0,0.3162
vicsek,0.3183098861837907,rho_1_over_pi,32,0.05,1,3000,1250102,2,0,0.34
vicsek,0.3183098861837907,rho_1_over_pi,32,0.05,1,3000,1250103,3,0,0.3628
vicsek,0.3183098861837907,rho_1_over_pi,32,0.05,1,3000,1250104,4,0,0.3787
vicsek,0.3183098861837907,rho_1_over_pi,32,0.05,1,3000,1250105,5,0,0.3993
vicsek,0.3183098861837907,rho_1_over_pi,32,0.05,1,3000,1250106,6,0,0.3813
vicsek,0.3183098861837907,rho_1_over_pi,32,0.05,1,3000,1250107,7,0,0.4524
vicsek,0.3183098861837907,rho_1_over_pi,32,0.05,1,3000,1250108,8,0,0.3826
vicsek,0.3183098861837907,rho_1_over_pi,32,0.05,1,3000,1250109,9,0,0.4739
vicsek,0.3183098861837907,rho_1_over_pi,32,0.05,1,3000,1250110,10,0,0.4386
vicsek,0.3183098861837907,rho_1_over_pi,32,0.05,1,3000,1250111,11,0,0.4166
vicsek,0.3183098861837907,rho_1_over_pi,32,0.05,1,3000,1250112,12,0,0.5092
vicsek,0.3183098861837907,rho_1_over_pi,32,0.05,1,3000,1250113,13,0,0.5376
vicsek,0.3183098861837907,rho_1_over_pi,32,0.05,1,3000,1250114,14,0,0.5026
vicsek,0.3183098861837907,rho_1_over_pi,32,0.05,1,3000,1250115,15,0,0.5316
vicsek,0.3183098861837907,rho_1_over_pi,32,0.05,1,3000,1250116,16,0,0.3876
vicsek,0.3183098861837907,rho_1_over_pi,32,0.05,1,3000,1250117,17,0,0.4639
vicsek,0.3183098861837907,rho_1_over_pi,32,0.05,1,3000,1250118,18,0,0.4656
vicsek,0.3183098861837907,rho_1_over_pi,32,0.05,1,3000,1250119,19,0,0.4821
vicsek,0.3183098861837907,rho_1_over_pi,32,0.1,2,3000,1250200,0,0,0.3743
vicsek,0.3183098861837907,rho_1_over_pi,32,0.1,2,3000,1250201,1,0,0.3533
vicsek,0.3183098861837907,rho_1_over_pi,32,0.1,2,3000,1250202,2,0,0.3546
vicsek,0.3183098861837907,rho_1_over_pi,32,0.1,2,3000,1250203,3,0,0.3374
vicsek,0.3183098861837907,rho_1_over_pi,32,0.1,2,3000,1250204,4,0,0.3825
vicsek,0.3183098861837907,rho_1_over_pi,32,0.1,2,3000,1250205,5,0,0.3427
vicsek,0.3183098861837907,rho_1_over_pi,32,0.1,2,3000,1250206,6,0,0.4007
vicsek,0.3183098861837907,rho_1_over_pi,32,0.1,2,3000,1250207,7,0,0.4026
vicsek,0.3183098861837907,rho_1_over_pi,32,0.1,2,3000,1250208,8,0,0.3393
vicsek,0.3183098861837907,rho_1_over_pi,32,0.1,2,3000,1250209,9,0,0.3592
vicsek,0.3183098861837907,rho_1_over_pi,32,0.1,2,3000,1250210,10,0,0.4286
vicsek,0.3183098861837907,rho_1_over_pi,32,0.1,2,3000,1250211,11,0,0.3913
vicsek,0.3183098861837907,rho_1_over_pi,32,0.1,2,3000,1250212,12,0,0.4155
vicsek,0.3183098861837907,rho_1_over_pi,32,0.1,2,3000,1250213,13,0,0.3902
vicsek,0.3183098861837907,rho_1_over_pi,32,0.1,2,3000,1250214,14,0,0.3557
vicsek,0.3183098861837907,rho_1_over_pi,32,0.1,2,3000,1250215,15,0,0.3458
vicsek,0.3183098861837907,rho_1_over_pi,32,0.1,2,3000,1250216,16,0,0.4214
vicsek,0.3183098861837907,rho_1_over_pi,32,0.1,2,3000,1250217,17,0,0.4165
vicsek,0.3183098861837907,rho_1_over_pi,32,0.1,2,3000,1250218,18,0,0.4704
vicsek,0.3183098861837907,rho_1_over_pi,32,0.1,2,3000,1250219,19,0,0.4322
vicsek,0.3183098861837907,rho_1_over_pi,32,0.15,3,3000,1250300,0,0,0.4943
vicsek,0.3183098861837907,rho_1_over_pi,32,0.15,3,3000,1250301,1,0,0.4831
vicsek,0.3183098861837907,rho_1_over_pi,32,0.15,3,3000,1250302,2,0,0.4899
vicsek,0.3183098861837907,rho_1_over_pi,32,0.15,3,3000,1250303,3,0,0.4628
vicsek,0.3183098861837907,rho_1_over_pi,32,0.15,3,3000,1250304,4,0,0.3247
vicsek,0.3183098861837907,rho_1_over_pi,32,0.15,3,3000,1250305,5,0,0.4207
vicsek,0.3183098861837907,rho_1_over_pi,32,0.15,3,3000,1250306,6,0,0.4768
vicsek,0.3183098861837907,rho_1_over_pi,32,0.15,3,3000,1250307,7,0,0.4004
vicsek,0.3183098861837907,rho_1_over_pi,32,0.15,3,3000,1250308,8,0,0.4675
vicsek,0.3183098861837907,rho_1_over_pi,32,0.15,3,3000,1250309,9,0,0.4654
vicsek,0.3183098861837907,rho_1_over_pi,32,0.15,3,3000,1250310,10,0,0.4734
vicsek,0.3183098861837907,rho_1_over_pi,32,0.15,3,3000,1250311,11,0,0.4591
vicsek,0.3183098861837907,rho_1_over_pi,32,0.15,3,3000,1250312,12,0,0.4647
vicsek,0.3183098861837907,rho_1_over_pi,32,0.15,3,3000,1250313,13,0,0.4076
vicsek,0.3183098861837907,rho_1_over_pi,32,0.15,3,3000,1250314,14,0,0.4213
vicsek,0.3183098861837907,rho_1_over_pi,32,0.15,3,3000,1250315,15,0,0.4903
vicsek,0.3183098861837907,rho_1_over_pi,32,0.15,3,3000,1250316,16,0,0.3519
vicsek,0.3183098861837907,rho_1_over_pi,32,0.15,3,3000,1250317,17,0,0.3982
vicsek,0.3183098861837907,rho_1_over_pi,32,0.15,3,3000,1250318,18,0,0.4269
vicsek,0.3183098861837907,rho_1_over_pi,32,0.15,3,3000,1250319,19,0,0.408
vicsek,0.3183098861837907,rho_1_over_pi,32,0.2,4,3000,1250400,0,0,0.4661
vicsek,0.3183098861837907,rho_1_over_pi,32,0.2,4,3000,1250401,1,0,0.4463
vicsek,0.3183098861837907,rho_1_over_pi,32,0.2,4,3000,1250402,2,0,0.3952
vicsek,0.3183098861837907,rho_1_over_pi,32,0.2,4,3000,1250403,3,0,0.4182
vicsek,0.3183098861837907,rho_1_over_pi,32,0.2,4,3000,1250404,4,0,0.3702
vicsek,0.3183098861837907,rho_1_over_pi,32,0.2,4,3000,1250405,5,0,0.371
vicsek,0.3183098861837907,rho_1_over_pi,32,0.2,4,3000,1250406,6,0,0.3588
vicsek,0.3183098861837907,rho_1_over_pi,32,0.2,4,3000,1250407,7,0,0.4306
vicsek,0.3183098861837907,rho_1_over_pi,32,0.2,4,3000,1250408,8,0,0.4358
vicsek,0.3183098861837907,rho_1_over_pi,32,0.2,4,3000,1250409,9,0,0.4479
vicsek,0.3183098861837907,rho_1_over_pi,32,0.2,4,3000,1250410,10,0,0.3742
vicsek,0.3183098861837907,rho_1_over_pi,32,0.2,4,3000,1250411,11,0,0.4074
vicsek,0.3183098861837907,rho_1_over_pi,32,0.2,4,3000,1250412,12,0,0.3946
vicsek,0.3183098861837907,rho_1_over_pi,32,0.2,4,3000,1250413,13,0,0.4186
vicsek,0.3183098861837907,rho_1_over_pi,32,0.2,4,3000,1250414,14,0,0.4043
vicsek,0.3183098861837907,rho_1_over_pi,32,0.2,4,3000,1250415,15,0,0.426
vicsek,0.3183098861837907,rho_1_over_pi,32,0.2,4,3000,1250416,16,0,0.4066
vicsek,0.3183098861837907,rho_1_over_pi,32,0.2,4,3000,1250417,17,0,0.4377
vicsek,0.3183098861837907,rho_1_over_pi,32,0.2,4,3000,1250418,18,0,0.3654
vicsek,0.3183098861837907,rho_1_over_pi,32,0.2,4,3000,1250419,19,0,0.3985
vicsek,0.3183098861837907,rho_1_over_pi,32,0.3,5,3000,1250500,0,0,0.4591
vicsek,0.3183098861837907,rho_1_over_pi,32,0.3,5,3000,1250501,1,0,0.447
vicsek,0.3183098861837907,rho_1_over_pi,32,0.3,5,3000,1250502,2,0,0.4434
vicsek,0.3183098861837907,rho_1_over_pi,32,0.3,5,3000,1250503,3,0,0.4174
vicsek,0.3183098861837907,rho_1_over_pi,32,0.3,5,3000,1250504,4,0,0.4015
vicsek,0.3183098861837907,rho_1_over_pi,32,0.3,5,3000,1250505,5,0,0.3982
vicsek,0.3183098861837907,rho_1_over_pi,32,0.3,5,3000,1250506,6,0,0.3736
vicsek,0.3183098861837907,rho_1_over_pi,32,0.3,5,3000,1250507,7,0,0.4216
vicsek,0.3183098861837907,rho_1_over_pi,32,0.3,5,3000,1250508,8,0,0.3667
vicsek,0.3183098861837907,rho_1_over_pi,32,0.3,5,3000,1250509,9,0,0.3792
vicsek,0.3183098861837907,rho_1_over_pi,32,0.3,5,3000,1250510,10,0,0.4397
vicsek,0.3183098861837907,rho_1_over_pi,32,0.3,5,3000,1250511,11,0,0.3865
vicsek,0.3183098861837907,rho_1_over_pi,32,0.3,5,3000,1250512,12,0,0.439
vicsek,0.3183098861837907,rho_1_over_pi,32,0.3,5,3000,1250513,13,0,0.4819
vicsek,0.3183098861837907,rho_1_over_pi,32,0.3,5,3000,1250514,14,0,0.4192
vicsek,0.3183098861837907,rho_1_over_pi,32,0.3,5,3000,1250515,15,0,0.4576
vicsek,0.3183098861837907,rho_1_over_pi,32,0.3,5,3000,1250516,16,0,0.3963
vicsek,0.3183098861837907,rho_1_over_pi,32,0.3,5,3000,1250517,17,0,0.4199
vicsek,0.3183098861837907,rho_1_over_pi,32,0.3,5,3000,1250518,18,0,0.4432
vicsek,0.3183098861837907,rho_1_over_pi,32,0.3,5,3000,1250519,19,0,0.4379
vicsek,0.3183098861837907,rho_1_over_pi,32,0.4,6,3000,1250600,0,0,0.4579
vicsek,0.3183098861837907,rho_1_over_pi,32,0.4,6,3000,1250601,1,0,0.4095
vicsek,0.3183098861837907,rho_1_over_pi,32,0.4,6,3000,1250602,2,0,0.3666
vicsek,0.3183098861837907,rho_1_over_pi,32,0.4,6,3000,1250603,3,0,0.5067
vicsek,0.3183098861837907,rho_1_over_pi,32,0.4,6,3000,1250604,4,0,0.502
vicsek,0.3183098861837907,rho_1_over_pi,32,0.4,6,3000,1250605,5,0,0.5771
vicsek,0.3183098861837907,rho_1_over_pi,32,0.4,6,3000,1250606,6,0,0.6152
vicsek,0.3183098861837907,rho_1_over_pi,32,0.4,6,3000,1250607,7,0,0.5935
vicsek,0.3183098861837907,rho_1_over_pi,32,0.4,6,3000,1250608,8,0,0.528
vicsek,0.3183098861837907,rho_1_over_pi,32,0.4,6,3000,1250609,9,0,0.5113
vicsek,0.3183098861837907,rho_1_over_pi,32,0.4,6,3000,1250610,10,0,0.5766
vicsek,0.3183098861837907,rho_1_over_pi,32,0.4,6,3000,1250611,11,0,0.4143
vicsek,0.3183098861837907,rho_1_over_pi,32,0.4,6,3000,1250612,12,0,0.3468
vicsek,0.3183098861837907,rho_1_over_pi,32,0.4,6,3000,1250613,13,0,0.4112
vicsek,0.3183098861837907,rho_1_over_pi,32,0.4,6,3000,1250614,14,0,0.3858
vicsek,0.3183098861837907,rho_1_over_pi,32,0.4,6,3000,1250615,15,0,0.361
vicsek,0.3183098861837907,rho_1_over_pi,32,0.4,6,3000,1250616,16,0,0.3576
vicsek,0.3183098861837907,rho_1_over_pi,32,0.4,6,3000,1250617,17,0,0.3659
vicsek,0.3183098861837907,rho_1_over_pi,32,0.4,6,3000,1250618,18,0,0.4
vicsek,0.3183098861837907,rho_1_over_pi,32,0.4,6,3000,1250619,19,0,0.3747
vicsek,0.3183098861837907,rho_1_over_pi,32,0.5,7,3000,1250700,0,0,0.4199
vicsek,0.3183098861837907,rho_1_over_pi,32,0.5,7,3000,1250701,1,0,0.4058
vicsek,0.3183098861837907,rho_1_over_pi,32,0.5,7,3000,1250702,2,0,0.4022
vicsek,0.3183098861837907,rho_1_over_pi,32,0.5,7,3000,1250703,3,0,0.4428
vicsek,0.3183098861837907,rho_1_over_pi,32,0.5,7,3000,1250704,4,0,0.4229
vicsek,0.3183098861837907,rho_1_over_pi,32,0.5,7,3000,1250705,5,0,0.4107
vicsek,0.3183098861837907,rho_1_over_pi,32,0.5,7,3000,1250706,6,0,0.3601
vicsek,0.3183098861837907,rho_1_over_pi,32,0.5,7,3000,1250707,7,0,0.4634
vicsek,0.3183098861837907,rho_1_over_pi,32,0.5,7,3000,1250708,8,0,0.4373
vicsek,0.3183098861837907,rho_1_over_pi,32,0.5,7,3000,1250709,9,0,0.384
vicsek,0.3183098861837907,rho_1_over_pi,32,0.5,7,3000,1250710,10,0,0.4912
vicsek,0.3183098861837907,rho_1_over_pi,32,0.5,7,3000,1250711,11,0,0.4106
vicsek,0.3183098861837907,rho_1_over_pi,32,0.5,7,3000,1250712,12,0,0.3878
vicsek,0.3183098861837907,rho_1_over_pi,32,0.5,7,3000,1250713,13,0,0.3869
vicsek,0.3183098861837907,rho_1_over_pi,32,0.5,7,3000,1250714,14,0,0.3815
vicsek,0.3183098861837907,rho_1_over_pi,32,0.5,7,3000,1250715,15,0,0.3801
vicsek,0.3183098861837907,rho_1_over_pi,32,0.5,7,3000,1250716,16,0,0.3571
vicsek,0.3183098861837907,rho_1_over_pi,32,0.5,7,3000,1250717,17,0,0.3742
vicsek,0.3183098861837907,rho_1_over_pi,32,0.5,7,3000,1250718,18,0,0.3522
vicsek,0.3183098861837907,rho_1_over_pi,32,0.5,7,3000,1250719,19,0,0.3856
vicsek,0.3183098861837907,rho_1_over_pi,32,1.0,8,3000,1250800,0,0,0.3811
vicsek,0.3183098861837907,rho_1_over_pi,32,1.0,8,3000,1250801,1,0,0.348
vicsek,0.3183098861837907,rho_1_over_pi,32,1.0,8,3000,1250802,2,0,0.3982
vicsek,0.3183098861837907,rho_1_over_pi,32,1.0,8,3000,1250803,3,0,0.3536
vicsek,0.3183098861837907,rho_1_over_pi,32,1.0,8,3000,1250804,4,0,0.3348
vicsek,0.3183098861837907,rho_1_over_pi,32,1.0,8,3000,1250805,5,0,0.383
vicsek,0.3183098861837907,rho_1_over_pi,32,1.0,8,3000,1250806,6,0,0.4011
vicsek,0.3183098861837907,rho_1_over_pi,32,1.0,8,3000,1250807,7,0,0.3647
vicsek,0.3183098861837907,rho_1_over_pi,32,1.0,8,3000,1250808,8,0,0.3484
vicsek,0.3183098861837907,rho_1_over_pi,32,1.0,8,3000,1250809,9,0,0.3408
vicsek,0.3183098861837907,rho_1_over_pi,32,1.0,8,3000,1250810,10,0,0.3191
vicsek,0.3183098861837907,rho_1_over_pi,32,1.0,8,3000,1250811,11,0,0.3571
vicsek,0.3183098861837907,rho_1_over_pi,32,1.0,8,3000,1250812,12,0,0.396
vicsek,0.3183098861837907,rho_1_over_pi,32,1.0,8,3000,1250813,13,0,0.3597
vicsek,0.3183098861837907,rho_1_over_pi,32,1.0,8,3000,1250814,14,0,0.3698
vicsek,0.3183098861837907,rho_1_over_pi,32,1.0,8,3000,1250815,15,0,0.3784
vicsek,0.3183098861837907,rho_1_over_pi,32,1.0,8,3000,1250816,16,0,0.3824
vicsek,0.3183098861837907,rho_1_over_pi,32,1.0,8,3000,1250817,17,0,0.3533
vicsek,0.3183098861837907,rho_1_over_pi,32,1.0,8,3000,1250818,18,0,0.4063
vicsek,0.3183098861837907,rho_1_over_pi,32,1.0,8,3000,1250819,19,0,0.423
vicsek,0.3183098861837907,rho_1_over_pi,32,2.0,9,3000,1250900,0,0,0.3999
vicsek,0.3183098861837907,rho_1_over_pi,32,2.0,9,3000,1250901,1,0,0.3895
vicsek,0.3183098861837907,rho_1_over_pi,32,2.0,9,3000,1250902,2,0,0.4207
vicsek,0.3183098861837907,rho_1_over_pi,32,2.0,9,3000,1250903,3,0,0.4114
vicsek,0.3183098861837907,rho_1_over_pi,32,2.0,9,3000,1250904,4,0,0.3945
vicsek,0.3183098861837907,rho_1_over_pi,32,2.0,9,3000,1250905,5,0,0.3926
vicsek,0.3183098861837907,rho_1_over_pi,32,2.0,9,3000,1250906,6,0,0.397
vicsek,0.3183098861837907,rho_1_over_pi,32,2.0,9,3000,1250907,7,0,0.3196
vicsek,0.3183098861837907,rho_1_over_pi,32,2.0,9,3000,1250908,8,0,0.363
vicsek,0.3183098861837907,rho_1_over_pi,32,2.0,9,3000,1250909,9,0,0.4136
vicsek,0.3183098861837907,rho_1_over_pi,32,2.0,9,3000,1250910,10,0,0.4117
vicsek,0.3183098861837907,rho_1_over_pi,32,2.0,9,3000,1250911,11,0,0.3975
vicsek,0.3183098861837907,rho_1_over_pi,32,2.0,9,3000,1250912,12,0,0.3999
vicsek,0.3183098861837907,rho_1_over_pi,32,2.0,9,3000,1250913,13,0,0.4022
vicsek,0.3183098861837907,rho_1_over_pi,32,2.0,9,3000,1250914,14,0,0.4136
vicsek,0.3183098861837907,rho_1_over_pi,32,2.0,9,3000,1250915,15,0,0.4519
vicsek,0.3183098861837907,rho_1_over_pi,32,2.0,9,3000,1250916,16,0,0.4685
vicsek,0.3183098861837907,rho_1_over_pi,32,2.0,9,3000,1250917,17,0,0.3983
vicsek,0.3183098861837907,rho_1_over_pi,32,2.0,9,3000,1250918,18,0,0.4128
vicsek,0.3183098861837907,rho_1_over_pi,32,2.0,9,3000,1250919,19,0,0.3863
vicsek,0.3183098861837907,rho_1_over_pi,32,3.0,10,3000,1251000,0,0,0.3551
vicsek,0.3183098861837907,rho_1_over_pi,32,3.0,10,3000,1251001,1,0,0.3348
vicsek,0.3183098861837907,rho_1_over_pi,32,3.0,10,3000,1251002,2,0,0.3983
vicsek,0.3183098861837907,rho_1_over_pi,32,3.0,10,3000,1251003,3,0,0.4117
vicsek,0.3183098861837907,rho_1_over_pi,32,3.0,10,3000,1251004,4,0,0.4333
vicsek,0.3183098861837907,rho_1_over_pi,32,3.0,10,3000,1251005,5,0,0.4206
vicsek,0.3183098861837907,rho_1_over_pi,32,3.0,10,3000,1251006,6,0,0.4683
vicsek,0.3183098861837907,rho_1_over_pi,32,3.0,10,3000,1251007,7,0,0.4795
vicsek,0.3183098861837907,rho_1_over_pi,32,3.0,10,3000,1251008,8,0,0.4384
vicsek,0.3183098861837907,rho_1_over_pi,32,3.0,10,3000,1251009,9,0,0.4375
vicsek,0.3183098861837907,rho_1_over_pi,32,3.0,10,3000,1251010,10,0,0.4015
vicsek,0.3183098861837907,rho_1_over_pi,32,3.0,10,3000,1251011,11,0,0.387
vicsek,0.3183098861837907,rho_1_over_pi,32,3.0,10,3000,1251012,12,0,0.3495
vicsek,0.3183098861837907,rho_1_over_pi,32,3.0,10,3000,1251013,13,0,0.3619
vicsek,0.3183098861837907,rho_1_over_pi,32,3.0,10,3000,1251014,14,0,0.3433
vicsek,0.3183098861837907,rho_1_over_pi,32,3.0,10,3000,1251015,15,0,0.3686
vicsek,0.3183098861837907,rho_1_over_pi,32,3.0,10,3000,1251016,16,0,0.4048
vicsek,0.3183098861837907,rho_1_over_pi,32,3.0,10,3000,1251017,17,0,0.4393
vicsek,0.3183098861837907,rho_1_over_pi,32,3.0,10,3000,1251018,18,0,0.3706
vicsek,0.3183098861837907,rho_1_over_pi,32,3.0,10,3000,1251019,19,0,0.4108
vicsek,0.3183098861837907,rho_1_over_pi,32,4.0,11,3000,1251100,0,0,0.4248
vicsek,0.3183098861837907,rho_1_over_pi,32,4.0,11,3000,1251101,1,0,0.359
vicsek,0.3183098861837907,rho_1_over_pi,32,4.0,11,3000,1251102,2,0,0.4733
vicsek,0.3183098861837907,rho_1_over_pi,32,4.0,11,3000,1251103,3,0,0.439
vicsek,0.3183098861837907,rho_1_over_pi,32,4.0,11,3000,1251104,4,0,0.4605
vicsek,0.3183098861837907,rho_1_over_pi,32,4.0,11,3000,1251105,5,0,0.4341
vicsek,0.3183098861837907,rho_1_over_pi,32,4.0,11,3000,1251106,6,0,0.4335
vicsek,0.3183098861837907,rho_1_over_pi,32,4.0,11,3000,1251107,7,0,0.375
vicsek,0.3183098861837907,rho_1_over_pi,32,4.0,11,3000,1251108,8,0,0.3255
vicsek,0.3183098861837907,rho_1_over_pi,32,4.0,11,3000,1251109,9,0,0.3661
vicsek,0.3183098861837907,rho_1_over_pi,32,4.0,11,3000,1251110,10,0,0.3748
vicsek,0.3183098861837907,rho_1_over_pi,32,4.0,11,3000,1251111,11,0,0.3879
vicsek,0.3183098861837907,rho_1_over_pi,32,4.0,11,3000,1251112,12,0,0.3345
vicsek,0.3183098861837907,rho_1_over_pi,32,4.0,11,3000,1251113,13,0,0.3553
vicsek,0.3183098861837907,rho_1_over_pi,32,4.0,11,3000,1251114,14,0,0.3479
vicsek,0.3183098861837907,rho_1_over_pi,32,4.0,11,3000,1251115,15,0,0.3916
vicsek,0.3183098861837907,rho_1_over_pi,32,4.0,11,3000,1251116,16,0,0.3812
vicsek,0.3183098861837907,rho_1_over_pi,32,4.0,11,3000,1251117,17,0,0.3585
vicsek,0.3183098861837907,rho_1_over_pi,32,4.0,11,3000,1251118,18,0,0.3781
vicsek,0.3183098861837907,rho_1_over_pi,32,4.0,11,3000,1251119,19,0,0.3786
vicsek,0.3183098861837907,rho_1_over_pi,32,5.0,12,3000,1251200,0,0,0.3856
vicsek,0.3183098861837907,rho_1_over_pi,32,5.0,12,3000,1251201,1,0,0.3542
vicsek,0.3183098861837907,rho_1_over_pi,32,5.0,12,3000,1251202,2,0,0.3763
vicsek,0.3183098861837907,rho_1_over_pi,32,5.0,12,3000,1251203,3,0,0.3208
vicsek,0.3183098861837907,rho_1_over_pi,32,5.0,12,3000,1251204,4,0,0.3348
vicsek,0.3183098861837907,rho_1_over_pi,32,5.0,12,3000,1251205,5,0,0.3994
vicsek,0.3183098861837907,rho_1_over_pi,32,5.0,12,3000,1251206,6,0,0.3086
vicsek,0.3183098861837907,rho_1_over_pi,32,5.0,12,3000,1251207,7,0,0.3286
vicsek,0.3183098861837907,rho_1_over_pi,32,5.0,12,3000,1251208,8,0,0.3514
vicsek,0.3183098861837907,rho_1_over_pi,32,5.0,12,3000,1251209,9,0,0.3475
vicsek,0.3183098861837907,rho_1_over_pi,32,5.0,12,3000,1251210,10,0,0.3644
vicsek,0.3183098861837907,rho_1_over_pi,32,5.0,12,3000,1251211,11,0,0.367
vicsek,0.3183098861837907,rho_1_over_pi,32,5.0,12,3000,1251212,12,0,0.3258
vicsek,0.3183098861837907,rho_1_over_pi,32,5.0,12,3000,1251213,13,0,0.3344
vicsek,0.3183098861837907,rho_1_over_pi,32,5.0,12,3000,1251214,14,0,0.3765
vicsek,0.3183098861837907,rho_1_over_pi,32,5.0,12,3000,1251215,15,0,0.4243
vicsek,0.3183098861837907,rho_1_over_pi,32,5.0,12,3000,1251216,16,0,0.3881
vicsek,0.3183098861837907,rho_1_over_pi,32,5.0,12,3000,1251217,17,0,0.4311
vicsek,0.3183098861837907,rho_1_over_pi,32,5.0,12,3000,1251218,18,0,0.3594
vicsek,0.3183098861837907,rho_1_over_pi,32,5.0,12,3000,1251219,19,0,0.3831
vicsek,0.3183098861837907,rho_1_over_pi,32,6.0,13,3000,1251300,0,0,0.4147
vicsek,0.3183098861837907,rho_1_over_pi,32,6.0,13,3000,1251301,1,0,0.3939
vicsek,0.3183098861837907,rho_1_over_pi,32,6.0,13,3000,1251302,2,0,0.3564
vicsek,0.3183098861837907,rho_1_over_pi,32,6.0,13,3000,1251303,3,0,0.3868
vicsek,0.3183098861837907,rho_1_over_pi,32,6.0,13,3000,1251304,4,0,0.374
vicsek,0.3183098861837907,rho_1_over_pi,32,6.0,13,3000,1251305,5,0,0.3652
vicsek,0.3183098861837907,rho_1_over_pi,32,6.0,13,3000,1251306,6,0,0.3714
vicsek,0.3183098861837907,rho_1_over_pi,32,6.0,13,3000,1251307,7,0,0.3489
vicsek,0.3183098861837907,rho_1_over_pi,32,6.0,13,3000,1251308,8,0,0.3278
vicsek,0.3183098861837907,rho_1_over_pi,32,6.0,13,3000,1251309,9,0,0.3136
vicsek,0.3183098861837907,rho_1_over_pi,32,6.0,13,3000,1251310,10,0,0.3893
vicsek,0.3183098861837907,rho_1_over_pi,32,6.0,13,3000,1251311,11,0,0.3814
vicsek,0.3183098861837907,rho_1_over_pi,32,6.0,13,3000,1251312,12,0,0.3963
vicsek,0.3183098861837907,rho_1_over_pi,32,6.0,13,3000,1251313,13,0,0.3873
vicsek,0.3183098861837907,rho_1_over_pi,32,6.0,13,3000,1251314,14,0,0.3845
vicsek,0.3183098861837907,rho_1_over_pi,32,6.0,13,3000,1251315,15,0,0.3918
vicsek,0.3183098861837907,rho_1_over_pi,32,6.0,13,3000,1251316,16,0,0.3843
vicsek,0.3183098861837907,rho_1_over_pi,32,6.0,13,3000,1251317,17,0,0.4292
vicsek,0.3183098861837907,rho_1_over_pi,32,6.0,13,3000,1251318,18,0,0.3666
vicsek,0.3183098861837907,rho_1_over_pi,32,6.0,13,3000,1251319,19,0,0.3176
vicsek,0.15915494309189535,rho_1_over_2pi,16,0.0,0,3000,1270000,0,0,0.2056
vicsek,0.15915494309189535,rho_1_over_2pi,16,0.0,0,3000,1270001,1,0,0.2203
vicsek,0.15915494309189535,rho_1_over_2pi,16,0.0,0,3000,1270002,2,0,0.2011
vicsek,0.15915494309189535,rho_1_over_2pi,16,0.0,0,3000,1270003,3,0,0.2047
vicsek,0.15915494309189535,rho_1_over_2pi,16,0.0,0,3000,1270004,4,0,0.2244
vicsek,0.15915494309189535,rho_1_over_2pi,16,0.0,0,3000,1270005,5,0,0.292
vicsek,0.15915494309189535,rho_1_over_2pi,16,0.0,0,3000,1270006,6,0,0.1959
vicsek,0.15915494309189535,rho_1_over_2pi,16,0.0,0,3000,1270007,7,0,0.1648
vicsek,0.15915494309189535,rho_1_over_2pi,16,0.0,0,3000,1270008,8,0,0.2064
vicsek,0.15915494309189535,rho_1_over_2pi,16,0.0,0,3000,1270009,9,0,0.1826
vicsek,0.15915494309189535,rho_1_over_2pi,16,0.0,0,3000,1270010,10,0,0.2057
vicsek,0.15915494309189535,rho_1_over_2pi,16,0.0,0,3000,1270011,11,0,0.2144
vicsek,0.15915494309189535,rho_1_over_2pi,16,0.0,0,3000,1270012,12,0,0.2066
vicsek,0.15915494309189535,rho_1_over_2pi,16,0.0,0,3000,1270013,13,0,0.2754
vicsek,0.15915494309189535,rho_1_over_2pi,16,0.0,0,3000,1270014,14,0,0.2107
vicsek,0.15915494309189535,rho_1_over_2pi,16,0.0,0,3000,1270015,15,0,0.2265
vicsek,0.15915494309189535,rho_1_over_2pi,16,0.0,0,3000,1270016,16,0,0.2686
vicsek,0.15915494309189535,rho_1_over_2pi,16,0.0,0,3000,1270017,17,0,0.3122
vicsek,0.15915494309189535,rho_1_over_2pi,16,0.0,0,3000,1270018,18,0,0.1957
vicsek,0.15915494309189535,rho_1_over_2pi,16,0.0,0,3000,1270019,19,0,0.175
vicsek,0.15915494309189535,rho_1_over_2pi,16,0.05,1,3000,1270100,0,0,0.1804
vicsek,0.15915494309189535,rho_1_over_2pi,16,0.05,1,3000,1270101,1,0,0.1946
vicsek,0.15915494309189535,rho_1_over_2pi,16,0.05,1,3000,1270102,2,0,0.187
vicsek,0.15915494309189535,rho_1_over_2pi,16,0.05,1,3000,1270103,3,0,0.17
vicsek,0.15915494309189535,rho_1_over_2pi,16,0.05,1,3000,1270104,4,0,0.156
vicsek,0.15915494309189535,rho_1_over_2pi,16,0.05,1,3000,1270105,5,0,0.1687
vicsek,0.15915494309189535,rho_1_over_2pi,16,0.05,1,3000,1270106,6,0,0.1737
vicsek,0.15915494309189535,rho_1_over_2pi,16,0.05,1,3000,1270107,7,0,0.1573
vicsek,0.15915494309189535,rho_1_over_2pi,16,0.05,1,3000,1270108,8,0,0.1869
vicsek,0.15915494309189535,rho_1_over_2pi,16,0.05,1,3000,1270109,9,0,0.191
vicsek,0.15915494309189535,rho_1_over_2pi,16,0.05,1,3000,1270110,10,0,0.2006
vicsek,0.15915494309189535,rho_1_over_2pi,16,0.05,1,3000,1270111,11,0,0.1996
vicsek,0.15915494309189535,rho_1_over_2pi,16,0.05,1,3000,1270112,12,0,0.196
vicsek,0.15915494309189535,rho_1_over_2pi,16,0.05,1,3000,1270113,13,0,0.1763
vicsek,0.15915494309189535,rho_1_over_2pi,16,0.05,1,3000,1270114,14,0,0.1976
vicsek,0.15915494309189535,rho_1_over_2pi,16,0.05,1,3000,1270115,15,0,0.1778
vicsek,0.15915494309189535,rho_1_over_2pi,16,0.05,1,3000,1270116,16,0,0.168
vicsek,0.15915494309189535,rho_1_over_2pi,16,0.05,1,3000,1270117,17,0,0.1943
vicsek,0.15915494309189535,rho_1_over_2pi,16,0.05,1,3000,1270118,18,0,0.2044
vicsek,0.15915494309189535,rho_1_over_2pi,16,0.05,1,3000,1270119,19,0,0.1935
vicsek,0.15915494309189535,rho_1_over_2pi,16,0.1,2,3000,1270200,0,0,0.2136
vicsek,0.15915494309189535,rho_1_over_2pi,16,0.1,2,3000,1270201,1,0,0.1968
vicsek,0.15915494309189535,rho_1_over_2pi,16,0.1,2,3000,1270202,2,0,0.2076
vicsek,0.15915494309189535,rho_1_over_2pi,16,0.1,2,3000,1270203,3,0,0.2089
vicsek,0.15915494309189535,rho_1_over_2pi,16,0.1,2,3000,1270204,4,0,0.1973
vicsek,0.15915494309189535,rho_1_over_2pi,16,0.1,2,3000,1270205,5,0,0.1488
vicsek,0.15915494309189535,rho_1_over_2pi,16,0.1,2,3000,1270206,6,0,0.1886
vicsek,0.15915494309189535,rho_1_over_2pi,16,0.1,2,3000,1270207,7,0,0.1863
vicsek,0.15915494309189535,rho_1_over_2pi,16,0.1,2,3000,1270208,8,0,0.2016
vicsek,0.15915494309189535,rho_1_over_2pi,16,0.1,2,3000,1270209,9,0,0.2102
vicsek,0.15915494309189535,rho_1_over_2pi,16,0.1,2,3000,1270210,10,0,0.202
vicsek,0.15915494309189535,rho_1_over_2pi,16,0.1,2,3000,1270211,11,0,0.2116
vicsek,0.15915494309189535,rho_1_over_2pi,16,0.1,2,3000,1270212,12,0,0.2141
vicsek,0.15915494309189535,rho_1_over_2pi,16,0.1,2,3000,1270213,13,0,0.2074
vicsek,0.15915494309189535,rho_1_over_2pi,16,0.1,2,3000,1270214,14,0,0.1715
vicsek,0.15915494309189535,rho_1_over_2pi,16,0.1,2,3000,1270215,15,0,0.1539
vicsek,0.15915494309189535,rho_1_over_2pi,16,0.1,2,3000,1270216,16,0,0.1894
vicsek,0.15915494309189535,rho_1_over_2pi,16,0.1,2,3000,1270217,17,0,0.1827
vicsek,0.15915494309189535,rho_1_over_2pi,16,0.1,2,3000,1270218,18,0,0.1691
vicsek,0.15915494309189535,rho_1_over_2pi,16,0.1,2,3000,1270219,19,0,0.1898
vicsek,0.15915494309189535,rho_1_over_2pi,16,0.15,3,3000,1270300,0,0,0.1994
vicsek,0.15915494309189535,rho_1_over_2pi,16,0.15,3,3000,1270301,1,0,0.2158
vicsek,0.15915494309189535,rho_1_over_2pi,16,0.15,3,3000,1270302,2,0,0.2114
vicsek,0.15915494309189535,rho_1_over_2pi,16,0.15,3,3000,1270303,3,0,0.1912
vicsek,0.15915494309189535,rho_1_over_2pi,16,0.15,3,3000,1270304,4,0,0.1989
vicsek,0.15915494309189535,rho_1_over_2pi,16,0.15,3,3000,1270305,5,0,0.1711
vicsek,0.15915494309189535,rho_1_over_2pi,16,0.15,3,3000,1270306,6,0,0.1638
vicsek,0.15915494309189535,rho_1_over_2pi,16,0.15,3,3000,1270307,7,0,0.2056
vicsek,0.15915494309189535,rho_1_over_2pi,16,0.15,3,3000,1270308,8,0,0.21
vicsek,0.15915494309189535,rho_1_over_2pi,16,0.15,3,3000,1270309,9,0,0.2266
vicsek,0.15915494309189535,rho_1_over_2pi,16,0.15,3,3000,1270310,10,0,0.187
vicsek,0.15915494309189535,rho_1_over_2pi,16,0.15,3,3000,1270311,11,0,0.2241
vicsek,0.15915494309189535,rho_1_over_2pi,16,0.15,3,3000,1270312,12,0,0.2262
vicsek,0.15915494309189535,rho_1_over_2pi,16,0.15,3,3000,1270313,13,0,0.2286
vicsek,0.15915494309189535,rho_1_over_2pi,16,0.15,3,3000,1270314,14,0,0.2146
vicsek,0.15915494309189535,rho_1_over_2pi,16,0.15,3,3000,1270315,15,0,0.1786
vicsek,0.15915494309189535,rho_1_over_2pi,16,0.15,3,3000,1270316,16,0,0.1733
vicsek,0.15915494309189535,rho_1_over_2pi,16,0.15,3,3000,1270317,17,0,0.1701
vicsek,0.15915494309189535,rho_1_over_2pi,16,0.15,3,3000,1270318,18,0,0.1788
vicsek,0.15915494309189535,rho_1_over_2pi,16,0.15,3,3000,1270319,19,0,0.2136
vicsek,0.15915494309189535,rho_1_over_2pi,16,0.2,4,3000,1270400,0,0,0.1871
vicsek,0.15915494309189535,rho_1_over_2pi,16,0.2,4,3000,1270401,1,0,0.2154
vicsek,0.15915494309189535,rho_1_over_2pi,16,0.2,4,3000,1270402,2,0,0.1865
vicsek,0.15915494309189535,rho_1_over_2pi,16,0.2,4,3000,1270403,3,0,0.1895
vicsek,0.15915494309189535,rho_1_over_2pi,16,0.2,4,3000,1270404,4,0,0.1911
vicsek,0.15915494309189535,rho_1_over_2pi,16,0.2,4,3000,1270405,5,0,0.1747
vicsek,0.15915494309189535,rho_1_over_2pi,16,0.2,4,3000,1270406,6,0,0.141
vicsek,0.15915494309189535,rho_1_over_2pi,16,0.2,4,3000,1270407,7,0,0.195
vicsek,0.15915494309189535,rho_1_over_2pi,16,0.2,4,3000,1270408,8,0,0.2124
vicsek,0.15915494309189535,rho_1_over_2pi,16,0.2,4,3000,1270409,9,0,0.153
vicsek,0.15915494309189535,rho_1_over_2pi,16,0.2,4,3000,1270410,10,0,0.2356
vicsek,0.15915494309189535,rho_1_over_2pi,16,0.2,4,3000,1270411,11,0,0.1984
vicsek,0.15915494309189535,rho_1_over_2pi,16,0.2,4,3000,1270412,12,0,0.2443
vicsek,0.15915494309189535,rho_1_over_2pi,16,0.2,4,3000,1270413,13,0,0.2223
vicsek,0.15915494309189535,rho_1_over_2pi,16,0.2,4,3000,1270414,14,0,0.2457
vicsek,0.15915494309189535,rho_1_over_2pi,16,0.2,4,3000,1270415,15,0,0.2747
vicsek,0.15915494309189535,rho_1_over_2pi,16,0.2,4,3000,1270416,16,0,0.2177
vicsek,0.15915494309189535,rho_1_over_2pi,16,0.2,4,3000,1270417,17,0,0.2807
vicsek,0.15915494309189535,rho_1_over_2pi,16,0.2,4,3000,1270418,18,0,0.2409
vicsek,0.15915494309189535,rho_1_over_2pi,16,0.2,4,3000,1270419,19,0,0.2876
vicsek,0.15915494309189535,rho_1_over_2pi,16,0.3,5,3000,1270500,0,0,0.2883
vicsek,0.15915494309189535,rho_1_over_2pi,16,0.3,5,3000,1270501,1,0,0.2797
vicsek,0.15915494309189535,rho_1_over_2pi,16,0.3,5,3000,1270502,2,0,0.2284
vicsek,0.15915494309189535,rho_1_over_2pi,16,0.3,5,3000,1270503,3,0,0.2153
vicsek,0.15915494309189535,rho_1_over_2pi,16,0.3,5,3000,1270504,4,0,0.2006
vicsek,0.15915494309189535,rho_1_over_2pi,16,0.3,5,3000,1270505,5,0,0.205
vicsek,0.15915494309189535,rho_1_over_2pi,16,0.3,5,3000,1270506,6,0,0.2202
vicsek,0.15915494309189535,rho_1_over_2pi,16,0.3,5,3000,1270507,7,0,0.218
vicsek,0.15915494309189535,rho_1_over_2pi,16,0.3,5,3000,1270508,8,0,0.2164
vicsek,0.15915494309189535,rho_1_over_2pi,16,0.3,5,3000,1270509,9,0,0.2114
vicsek,0.15915494309189535,rho_1_over_2pi,16,0.3,5,3000,1270510,10,0,0.2046
vicsek,0.15915494309189535,rho_1_over_2pi,16,0.3,5,3000,1270511,11,0,0.2036
vicsek,0.15915494309189535,rho_1_over_2pi,16,0.3,5,3000,1270512,12,0,0.2015
vicsek,0.15915494309189535,rho_1_over_2pi,16,0.3,5,3000,1270513,13,0,0.2279
vicsek,0.15915494309189535,rho_1_over_2pi,16,0.3,5,3000,1270514,14,0,0.2072
vicsek,0.15915494309189535,rho_1_over_2pi,16,0.3,5,3000,1270515,15,0,0.2075
vicsek,0.15915494309189535,rho_1_over_2pi,16,0.3,5,3000,1270516,16,0,0.1876
vicsek,0.15915494309189535,rho_1_over_2pi,16,0.3,5,3000,1270517,17,0,0.1627
vicsek,0.15915494309189535,rho_1_over_2pi,16,0.3,5,3000,1270518,18,0,0.1701
vicsek,0.15915494309189535,rho_1_over_2pi,16,0.3,5,3000,1270519,19,0,0.1802
vicsek,0.15915494309189535,rho_1_over_2pi,16,0.4,6,3000,1270600,0,0,0.1668
vicsek,0.15915494309189535,rho_1_over_2pi,16,0.4,6,3000,1270601,1,0,0.1501
vicsek,0.15915494309189535,rho_1_over_2pi,16,0.4,6,3000,1270602,2,0,0.1617
vicsek,0.15915494309189535,rho_1_over_2pi,16,0.4,6,3000,1270603,3,0,0.1346
vicsek,0.15915494309189535,rho_1_over_2pi,16,0.4,6,3000,1270604,4,0,0.1779
vicsek,0.15915494309189535,rho_1_over_2pi,16,0.4,6,3000,1270605,5,0,0.1478
vicsek,0.15915494309189535,rho_1_over_2pi,16,0.4,6,3000,1270606,6,0,0.1556
vicsek,0.15915494309189535,rho_1_over_2pi,16,0.4,6,3000,1270607,7,0,0.1986
vicsek,0.15915494309189535,rho_1_over_2pi,16,0.4,6,3000,1270608,8,0,0.1856
vicsek,0.15915494309189535,rho_1_over_2pi,16,0.4,6,3000,1270609,9,0,0.1976
vicsek,0.15915494309189535,rho_1_over_2pi,16,0.4,6,3000,1270610,10,0,0.2011
vicsek,0.15915494309189535,rho_1_over_2pi,16,0.4,6,3000,1270611,11,0,0.2281
vicsek,0.15915494309189535,rho_1_over_2pi,16,0.4,6,3000,1270612,12,0,0.237
vicsek,0.15915494309189535,rho_1_over_2pi,16,0.4,6,3000,1270613,13,0,0.2214
vicsek,0.15915494309189535,rho_1_over_2pi,16,0.4,6,3000,1270614,14,0,0.1916
vicsek,0.15915494309189535,rho_1_over_2pi,16,0.4,6,3000,1270615,15,0,0.1898
vicsek,0.15915494309189535,rho_1_over_2pi,16,0.4,6,3000,1270616,16,0,0.2226
vicsek,0.15915494309189535,rho_1_over_2pi,16,0.4,6,3000,1270617,17,0,0.1947
vicsek,0.15915494309189535,rho_1_over_2pi,16,0.4,6,3000,1270618,18,0,0.2742
vicsek,0.15915494309189535,rho_1_over_2pi,16,0.4,6,3000,1270619,19,0,0.3095
vicsek,0.15915494309189535,rho_1_over_2pi,16,0.5,7,3000,1270700,0,0,0.2843
vicsek,0.15915494309189535,rho_1_over_2pi,16,0.5,7,3000,1270701,1,0,0.2779
vicsek,0.15915494309189535,rho_1_over_2pi,16,0.5,7,3000,1270702,2,0,0.2529
vicsek,0.15915494309189535,rho_1_over_2pi,16,0.5,7,3000,1270703,3,0,0.2501
vicsek,0.15915494309189535,rho_1_over_2pi,16,0.5,7,3000,1270704,4,0,0.2625
vicsek,0.15915494309189535,rho_1_over_2pi,16,0.5,7,3000,1270705,5,0,0.2593
vicsek,0.15915494309189535,rho_1_over_2pi,16,0.5,7,3000,1270706,6,0,0.2797
vicsek,0.15915494309189535,rho_1_over_2pi,16,0.5,7,3000,1270707,7,0,0.2286
vicsek,0.15915494309189535,rho_1_over_2pi,16,0.5,7,3000,1270708,8,0,0.1824
vicsek,0.15915494309189535,rho_1_over_2pi,16,0.5,7,3000,1270709,9,0,0.2
vicsek,0.15915494309189535,rho_1_over_2pi,16,0.5,7,3000,1270710,10,0,0.1883
vicsek,0.15915494309189535,rho_1_over_2pi,16,0.5,7,3000,1270711,11,0,0.2059
vicsek,0.15915494309189535,rho_1_over_2pi,16,0.5,7,3000,1270712,12,0,0.2009
vicsek,0.15915494309189535,rho_1_over_2pi,16,0.5,7,3000,1270713,13,0,0.2914
vicsek,0.15915494309189535,rho_1_over_2pi,16,0.5,7,3000,1270714,14,0,0.269
vicsek,0.15915494309189535,rho_1_over_2pi,16,0.5,7,3000,1270715,15,0,0.246
vicsek,0.15915494309189535,rho_1_over_2pi,16,0.5,7,3000,1270716,16,0,0.2307
vicsek,0.15915494309189535,rho_1_over_2pi,16,0.5,7,3000,1270717,17,0,0.2401
vicsek,0.15915494309189535,rho_1_over_2pi,16,0.5,7,3000,1270718,18,0,0.2462
vicsek,0.15915494309189535,rho_1_over_2pi,16,0.5,7,3000,1270719,19,0,0.2023
vicsek,0.15915494309189535,rho_1_over_2pi,16,1.0,8,3000,1270800,0,0,0.2199
vicsek,0.15915494309189535,rho_1_over_2pi,16,1.0,8,3000,1270801,1,0,0.1868
vicsek,0.15915494309189535,rho_1_over_2pi,16,1.0,8,3000,1270802,2,0,0.2089
vicsek,0.15915494309189535,rho_1_over_2pi,16,1.0,8,3000,1270803,3,0,0.2237
vicsek,0.15915494309189535,rho_1_over_2pi,16,1.0,8,3000,1270804,4,0,0.1799
vicsek,0.15915494309189535,rho_1_over_2pi,16,1.0,8,3000,1270805,5,0,0.2154
vicsek,0.15915494309189535,rho_1_over_2pi,16,1.0,8,3000,1270806,6,0,0.2304
vicsek,0.15915494309189535,rho_1_over_2pi,16,1.0,8,3000,1270807,7,0,0.2152
vicsek,0.15915494309189535,rho_1_over_2pi,16,1.0,8,3000,1270808,8,0,0.2062
vicsek,0.15915494309189535,rho_1_over_2pi,16,1.0,8,3000,1270809,9,0,0.1793
vicsek,0.15915494309189535,rho_1_over_2pi,16,1.0,8,3000,1270810,10,0,0.1825
vicsek,0.15915494309189535,rho_1_over_2pi,16,1.0,8,3000,1270811,11,0,0.1964
vicsek,0.15915494309189535,rho_1_over_2pi,16,1.0,8,3000,1270812,12,0,0.1795
vicsek,0.15915494309189535,rho_1_over_2pi,16,1.0,8,3000,1270813,13,0,0.1921
vicsek,0.15915494309189535,rho_1_over_2pi,16,1.0,8,3000,1270814,14,0,0.162
vicsek,0.15915494309189535,rho_1_over_2pi,16,1.0,8,3000,1270815,15,0,0.1881
vicsek,0.15915494309189535,rho_1_over_2pi,16,1.0,8,3000,1270816,16,0,0.2007
vicsek,0.15915494309189535,rho_1_over_2pi,16,1.0,8,3000,1270817,17,0,0.1938
vicsek,0.15915494309189535,rho_1_over_2pi,16,1.0,8,3000,1270818,18,0,0.1843
vicsek,0.15915494309189535,rho_1_over_2pi,16,1.0,8,3000,1270819,19,0,0.1563
vicsek,0.15915494309189535,rho_1_over_2pi,16,2.0,9,3000,1270900,0,0,0.1749
vicsek,0.15915494309189535,rho_1_over_2pi,16,2.0,9,3000,1270901,1,0,0.1709
vicsek,0.15915494309189535,rho_1_over_2pi,16,2.0,9,3000,1270902,2,0,0.1696
vicsek,0.15915494309189535,rho_1_over_2pi,16,2.0,9,3000,1270903,3,0,0.1361
vicsek,0.15915494309189535,rho_1_over_2pi,16,2.0,9,3000,1270904,4,0,0.1603
vicsek,0.15915494309189535,rho_1_over_2pi,16,2.0,9,3000,1270905,5,0,0.1602
vicsek,0.15915494309189535,rho_1_over_2pi,16,2.0,9,3000,1270906,6,0,0.1584
vicsek,0.15915494309189535,rho_1_over_2pi,16,2.0,9,3000,1270907,7,0,0.1932
vicsek,0.15915494309189535,rho_1_over_2pi,16,2.0,9,3000,1270908,8,0,0.1972
vicsek,0.15915494309189535,rho_1_over_2pi,16,2.0,9,3000,1270909,9,0,0.2079
vicsek,0.15915494309189535,rho_1_over_2pi,16,2.0,9,3000,1270910,10,0,0.1978
vicsek,0.15915494309189535,rho_1_over_2pi,16,2.0,9,3000,1270911,11,0,0.2178
vicsek,0.15915494309189535,rho_1_over_2pi,16,2.0,9,3000,1270912,12,0,0.208
vicsek,0.15915494309189535,rho_1_over_2pi,16,2.0,9,3000,1270913,13,0,0.1951
vicsek,0.15915494309189535,rho_1_over_2pi,16,2.0,9,3000,1270914,14,0,0.1963
vicsek,0.15915494309189535,rho_1_over_2pi,16,2.0,9,3000,1270915,15,0,0.1808
vicsek,0.15915494309189535,rho_1_over_2pi,16,2.0,9,3000,1270916,16,0,0.1925
vicsek,0.15915494309189535,rho_1_over_2pi,16,2.0,9,3000,1270917,17,0,0.2056
vicsek,0.15915494309189535,rho_1_over_2pi,16,2.0,9,3000,1270918,18,0,0.1699
vicsek,0.15915494309189535,rho_1_over_2pi,16,2.0,9,3000,1270919,19,0,0.1656
vicsek,0.15915494309189535,rho_1_over_2pi,16,3.0,10,3000,1271000,0,0,0.1717
vicsek,0.15915494309189535,rho_1_over_2pi,16,3.0,10,3000,1271001,1,0,0.1774
vicsek,0.15915494309189535,rho_1_over_2pi,16,3.0,10,3000,1271002,2,0,0.2116
vicsek,0.15915494309189535,rho_1_over_2pi,16,3.0,10,3000,1271003,3,0,0.2167
vicsek,0.15915494309189535,rho_1_over_2pi,16,3.0,10,3000,1271004,4,0,0.1988
vicsek,0.15915494309189535,rho_1_over_2pi,16,3.0,10,3000,1271005,5,0,0.2084
vicsek,0.15915494309189535,rho_1_over_2pi,16,3.0,10,3000,1271006,6,0,0.1834
vicsek,0.15915494309189535,rho_1_over_2pi,16,3.0,10,3000,1271007,7,0,0.1902
vicsek,0.15915494309189535,rho_1_over_2pi,16,3.0,10,3000,1271008,8,0,0.1573
vicsek,0.15915494309189535,rho_1_over_2pi,16,3.0,10,3000,1271009,9,0,0.1828
vicsek,0.15915494309189535,rho_1_over_2pi,16,3.0,10,3000,1271010,10,0,0.2162
vicsek,0.15915494309189535,rho_1_over_2pi,16,3.0,10,3000,1271011,11,0,0.1934
vicsek,0.15915494309189535,rho_1_over_2pi,16,3.0,10,3000,1271012,12,0,0.2056
vicsek,0.15915494309189535,rho_1_over_2pi,16,3.0,10,3000,1271013,13,0,0.2051
vicsek,0.15915494309189535,rho_1_over_2pi,16,3.0,10,3000,1271014,14,0,0.2156
vicsek,0.15915494309189535,rho_1_over_2pi,16,3.0,10,3000,1271015,15,0,0.2359
vicsek,0.15915494309189535,rho_1_over_2pi,16,3.0,10,3000,1271016,16,0,0.1952
vicsek,0.15915494309189535,rho_1_over_2pi,16,3.0,10,3000,1271017,17,0,0.1898
vicsek,0.15915494309189535,rho_1_over_2pi,16,3.0,10,3000,1271018,18,0,0.2214
vicsek,0.15915494309189535,rho_1_over_2pi,16,3.0,10,3000,1271019,19,0,0.2333
vicsek,0.15915494309189535,rho_1_over_2pi,16,4.0,11,3000,1271100,0,0,0.2124
vicsek,0.15915494309189535,rho_1_over_2pi,16,4.0,11,3000,1271101,1,0,0.2061
vicsek,0.15915494309189535,rho_1_over_2pi,16,4.0,11,3000,1271102,2,0,0.2289
vicsek,0.15915494309189535,rho_1_over_2pi,16,4.0,11,3000,1271103,3,0,0.2211
vicsek,0.15915494309189535,rho_1_over_2pi,16,4.0,11,3000,1271104,4,0,0.215
vicsek,0.15915494309189535,rho_1_over_2pi,16,4.0,11,3000,1271105,5,0,0.2129
vicsek,0.15915494309189535,rho_1_over_2pi,16,4.0,11,3000,1271106,6,0,0.1958
vicsek,0.15915494309189535,rho_1_over_2pi,16,4.0,11,3000,1271107,7,0,0.2055
vicsek,0.15915494309189535,rho_1_over_2pi,16,4.0,11,3000,1271108,8,0,0.2134
vicsek,0.15915494309189535,rho_1_over_2pi,16,4.0,11,3000,1271109,9,0,0.1622
vicsek,0.15915494309189535,rho_1_over_2pi,16,4.0,11,3000,1271110,10,0,0.2065
vicsek,0.15915494309189535,rho_1_over_2pi,16,4.0,11,3000,1271111,11,0,0.2219
vicsek,0.15915494309189535,rho_1_over_2pi,16,4.0,11,3000,1271112,12,0,0.2024
vicsek,0.15915494309189535,rho_1_over_2pi,16,4.0,11,3000,1271113,13,0,0.2026
vicsek,0.15915494309189535,rho_1_over_2pi,16,4.0,11,3000,1271114,14,0,0.1831
vicsek,0.15915494309189535,rho_1_over_2pi,16,4.0,11,3000,1271115,15,0,0.1549
vicsek,0.15915494309189535,rho_1_over_2pi,16,4.0,11,3000,1271116,16,0,0.2112
vicsek,0.15915494309189535,rho_1_over_2pi,16,4.0,11,3000,1271117,17,0,0.1884
vicsek,0.15915494309189535,rho_1_over_2pi,16,4.0,11,3000,1271118,18,0,0.2002
vicsek,0.15915494309189535,rho_1_over_2pi,16,4.0,11,3000,1271119,19,0,0.1724
vicsek,0.15915494309189535,rho_1_over_2pi,16,5.0,12,3000,1271200,0,0,0.1984
vicsek,0.15915494309189535,rho_1_over_2pi,16,5.0,12,3000,1271201,1,0,0.2075
vicsek,0.15915494309189535,rho_1_over_2pi,16,5.0,12,3000,1271202,2,0,0.1888
vicsek,0.15915494309189535,rho_1_over_2pi,16,5.0,12,3000,1271203,3,0,0.2012
vicsek,0.15915494309189535,rho_1_over_2pi,16,5.0,12,3000,1271204,4,0,0.1656
vicsek,0.15915494309189535,rho_1_over_2pi,16,5.0,12,3000,1271205,5,0,0.1759
vicsek,0.15915494309189535,rho_1_over_2pi,16,5.0,12,3000,1271206,6,0,0.1754
vicsek,0.15915494309189535,rho_1_over_2pi,16,5.0,12,3000,1271207,7,0,0.1792
vicsek,0.15915494309189535,rho_1_over_2pi,16,5.0,12,3000,1271208,8,0,0.1586
vicsek,0.15915494309189535,rho_1_over_2pi,16,5.0,12,3000,1271209,9,0,0.1699
vicsek,0.15915494309189535,rho_1_over_2pi,16,5.0,12,3000,1271210,10,0,0.2225
vicsek,0.15915494309189535,rho_1_over_2pi,16,5.0,12,3000,1271211,11,0,0.1968
vicsek,0.15915494309189535,rho_1_over_2pi,16,5.0,12,3000,1271212,12,0,0.1859
vicsek,0.15915494309189535,rho_1_over_2pi,16,5.0,12,3000,1271213,13,0,0.1792
vicsek,0.15915494309189535,rho_1_over_2pi,16,5.0,12,3000,1271214,14,0,0.1983
vicsek,0.15915494309189535,rho_1_over_2pi,16,5.0,12,3000,1271215,15,0,0.1882
vicsek,0.15915494309189535,rho_1_over_2pi,16,5.0,12,3000,1271216,16,0,0.2068
vicsek,0.15915494309189535,rho_1_over_2pi,16,5.0,12,3000,1271217,17,0,0.1967
vicsek,0.15915494309189535,rho_1_over_2pi,16,5.0,12,3000,1271218,18,0,0.1822
vicsek,0.15915494309189535,rho_1_over_2pi,16,5.0,12,3000,1271219,19,0,0.1686
vicsek,0.15915494309189535,rho_1_over_2pi,16,6.0,13,3000,1271300,0,0,0.2035
vicsek,0.15915494309189535,rho_1_over_2pi,16,6.0,13,3000,1271301,1,0,0.1768
vicsek,0.15915494309189535,rho_1_over_2pi,16,6.0,13,3000,1271302,2,0,0.199
vicsek,0.15915494309189535,rho_1_over_2pi,16,6.0,13,3000,1271303,3,0,0.1906
vicsek,0.15915494309189535,rho_1_over_2pi,16,6.0,13,3000,1271304,4,0,0.2219
vicsek,0.15915494309189535,rho_1_over_2pi,16,6.0,13,3000,1271305,5,0,0.215
vicsek,0.15915494309189535,rho_1_over_2pi,16,6.0,13,3000,1271306,6,0,0.1869
vicsek,0.15915494309189535,rho_1_over_2pi,16,6.0,13,3000,1271307,7,0,0.1638
vicsek,0.15915494309189535,rho_1_over_2pi,16,6.0,13,3000,1271308,8,0,0.1662
vicsek,0.15915494309189535,rho_1_over_2pi,16,6.0,13,3000,1271309,9,0,0.1431
vicsek,0.15915494309189535,rho_1_over_2pi,16,6.0,13,3000,1271310,10,0,0.1439
vicsek,0.15915494309189535,rho_1_over_2pi,16,6.0,13,3000,1271311,11,0,0.138
vicsek,0.15915494309189535,rho_1_over_2pi,16,6.0,13,3000,1271312,12,0,0.2214
vicsek,0.15915494309189535,rho_1_over_2pi,16,6.0,13,3000,1271313,13,0,0.2024
vicsek,0.15915494309189535,rho_1_over_2pi,16,6.0,13,3000,1271314,14,0,0.2164
vicsek,0.15915494309189535,rho_1_over_2pi,16,6.0,13,3000,1271315,15,0,0.1867
vicsek,0.15915494309189535,rho_1_over_2pi,16,6.0,13,3000,1271316,16,0,0.2296
vicsek,0.15915494309189535,rho_1_over_2pi,16,6.0,13,3000,1271317,17,0,0.1823
vicsek,0.15915494309189535,rho_1_over_2pi,16,6.0,13,3000,1271318,18,0,0.2103
vicsek,0.15915494309189535,rho_1_over_2pi,16,6.0,13,3000,1271319,19,0,0.2119
vicsek,0.1061032953945969,rho_1_over_3pi,11,0.0,0,3000,1290000,0,0,0.1656
vicsek,0.1061032953945969,rho_1_over_3pi,11,0.0,0,3000,1290001,1,0,0.1375
vicsek,0.1061032953945969,rho_1_over_3pi,11,0.0,0,3000,1290002,2,0,0.151
vicsek,0.1061032953945969,rho_1_over_3pi,11,0.0,0,3000,1290003,3,0,0.1591
vicsek,0.1061032953945969,rho_1_over_3pi,11,0.0,0,3000,1290004,4,0,0.1778
vicsek,0.1061032953945969,rho_1_over_3pi,11,0.0,0,3000,1290005,5,0,0.1601
vicsek,0.1061032953945969,rho_1_over_3pi,11,0.0,0,3000,1290006,6,0,0.1658
vicsek,0.1061032953945969,rho_1_over_3pi,11,0.0,0,3000,1290007,7,0,0.1811
vicsek,0.1061032953945969,rho_1_over_3pi,11,0.0,0,3000,1290008,8,0,0.1546
vicsek,0.1061032953945969,rho_1_over_3pi,11,0.0,0,3000,1290009,9,0,0.1532
vicsek,0.1061032953945969,rho_1_over_3pi,11,0.0,0,3000,1290010,10,0,0.1318
vicsek,0.1061032953945969,rho_1_over_3pi,11,0.0,0,3000,1290011,11,0,0.1247
vicsek,0.1061032953945969,rho_1_over_3pi,11,0.0,0,3000,1290012,12,0,0.1008
vicsek,0.1061032953945969,rho_1_over_3pi,11,0.0,0,3000,1290013,13,0,0.1545
vicsek,0.1061032953945969,rho_1_over_3pi,11,0.0,0,3000,1290014,14,0,0.1158
vicsek,0.1061032953945969,rho_1_over_3pi,11,0.0,0,3000,1290015,15,0,0.1368
vicsek,0.1061032953945969,rho_1_over_3pi,11,0.0,0,3000,1290016,16,0,0.1695
vicsek,0.1061032953945969,rho_1_over_3pi,11,0.0,0,3000,1290017,17,0,0.1628
vicsek,0.1061032953945969,rho_1_over_3pi,11,0.0,0,3000,1290018,18,0,0.1521
vicsek,0.1061032953945969,rho_1_over_3pi,11,0.0,0,3000,1290019,19,0,0.1581
vicsek,0.1061032953945969,rho_1_over_3pi,11,0.05,1,3000,1290100,0,0,0.1572
vicsek,0.1061032953945969,rho_1_over_3pi,11,0.05,1,3000,1290101,1,0,0.1712
vicsek,0.1061032953945969,rho_1_over_3pi,11,0.05,1,3000,1290102,2,0,0.1726
vicsek,0.1061032953945969,rho_1_over_3pi,11,0.05,1,3000,1290103,3,0,0.1653
vicsek,0.1061032953945969,rho_1_over_3pi,11,0.05,1,3000,1290104,4,0,0.1154
vicsek,0.1061032953945969,rho_1_over_3pi,11,0.05,1,3000,1290105,5,0,0.1375
vicsek,0.1061032953945969,rho_1_over_3pi,11,0.05,1,3000,1290106,6,0,0.1221
vicsek,0.1061032953945969,rho_1_over_3pi,11,0.05,1,3000,1290107,7,0,0.1203
vicsek,0.1061032953945969,rho_1_over_3pi,11,0.05,1,3000,1290108,8,0,0.1476
vicsek,0.1061032953945969,rho_1_over_3pi,11,0.05,1,3000,1290109,9,0,0.1433
vicsek,0.1061032953945969,rho_1_over_3pi,11,0.05,1,3000,1290110,10,0,0.1738
vicsek,0.1061032953945969,rho_1_over_3pi,11,0.05,1,3000,1290111,11,0,0.1644
vicsek,0.1061032953945969,rho_1_over_3pi,11,0.05,1,3000,1290112,12,0,0.1671
vicsek,0.1061032953945969,rho_1_over_3pi,11,0.05,1,3000,1290113,13,0,0.164
vicsek,0.1061032953945969,rho_1_over_3pi,11,0.05,1,3000,1290114,14,0,0.1543
vicsek,0.1061032953945969,rho_1_over_3pi,11,0.05,1,3000,1290115,15,0,0.1756
vicsek,0.1061032953945969,rho_1_over_3pi,11,0.05,1,3000,1290116,16,0,0.1413
vicsek,0.1061032953945969,rho_1_over_3pi,11,0.05,1,3000,1290117,17,0,0.1434
vicsek,0.1061032953945969,rho_1_over_3pi,11,0.05,1,3000,1290118,18,0,0.1125
vicsek,0.1061032953945969,rho_1_over_3pi,11,0.05,1,3000,1290119,19,0,0.1159
vicsek,0.1061032953945969,rho_1_over_3pi,11,0.1,2,3000,1290200,0,0,0.1085
vicsek,0.1061032953945969,rho_1_over_3pi,11,0.1,2,3000,1290201,1,0,0.1135
vicsek,0.1061032953945969,rho_1_over_3pi,11,0.1,2,3000,1290202,2,0,0.1128
vicsek,0.1061032953945969,rho_1_over_3pi,11,0.1,2,3000,1290203,3,0,0.1041
vicsek,0.1061032953945969,rho_1_over_3pi,11,0.1,2,3000,1290204,4,0,0.1131
vicsek,0.1061032953945969,rho_1_over_3pi,11,0.1,2,3000,1290205,5,0,0.097
vicsek,0.1061032953945969,rho_1_over_3pi,11,0.1,2,3000,1290206,6,0,0.1235
vicsek,0.1061032953945969,rho_1_over_3pi,11,0.1,2,3000,1290207,7,0,0.1117
vicsek,0.1061032953945969,rho_1_over_3pi,11,0.1,2,3000,1290208,8,0,0.1056
vicsek,0.1061032953945969,rho_1_over_3pi,11,0.1,2,3000,1290209,9,0,0.13
vicsek,0.1061032953945969,rho_1_over_3pi,11,0.1,2,3000,1290210,10,0,0.1085
vicsek,0.1061032953945969,rho_1_over_3pi,11,0.1,2,3000,1290211,11,0,0.1314
vicsek,0.1061032953945969,rho_1_over_3pi,11,0.1,2,3000,1290212,12,0,0.1325
vicsek,0.1061032953945969,rho_1_over_3pi,11,0.1,2,3000,1290213,13,0,0.1316
vicsek,0.1061032953945969,rho_1_over_3pi,11,0.1,2,3000,1290214,14,0,0.1827
vicsek,0.1061032953945969,rho_1_over_3pi,11,0.1,2,3000,1290215,15,0,0.1977
vicsek,0.1061032953945969,rho_1_over_3pi,11,0.1,2,3000,1290216,16,0,0.1816
vicsek,0.1061032953945969,rho_1_over_3pi,11,0.1,2,3000,1290217,17,0,0.1748
vicsek,0.1061032953945969,rho_1_over_3pi,11,0.1,2,3000,1290218,18,0,0.1726
vicsek,0.1061032953945969,rho_1_over_3pi,11,0.1,2,3000,1290219,19,0,0.1658
vicsek,0.1061032953945969,rho_1_over_3pi,11,0.15,3,3000,1290300,0,0,0.1668
vicsek,0.1061032953945969,rho_1_over_3pi,11,0.15,3,3000,1290301,1,0,0.1383
vicsek,0.1061032953945969,rho_1_over_3pi,11,0.15,3,3000,1290302,2,0,0.1112
vicsek,0.1061032953945969,rho_1_over_3pi,11,0.15,3,3000,1290303,3,0,0.1369
vicsek,0.1061032953945969,rho_1_over_3pi,11,0.15,3,3000,1290304,4,0,0.1093
vicsek,0.1061032953945969,rho_1_over_3pi,11,0.15,3,3000,1290305,5,0,0.1515
vicsek,0.1061032953945969,rho_1_over_3pi,11,0.15,3,3000,1290306,6,0,0.1592
vicsek,0.1061032953945969,rho_1_over_3pi,11,0.15,3,3000,1290307,7,0,0.145
vicsek,0.1061032953945969,rho_1_over_3pi,11,0.15,3,3000,1290308,8,0,0.1437
vicsek,0.1061032953945969,rho_1_over_3pi,11,0.15,3,3000,1290309,9,0,0.138
vicsek,0.1061032953945969,rho_1_over_3pi,11,0.15,3,3000,1290310,10,0,0.1522
vicsek,0.1061032953945969,rho_1_over_3pi,11,0.15,3,3000,1290311,11,0,0.1416
vicsek,0.1061032953945969,rho_1_over_3pi,11,0.15,3,3000,1290312,12,0,0.1256
vicsek,0.1061032953945969,rho_1_over_3pi,11,0.15,3,3000,1290313,13,0,0.1459
vicsek,0.1061032953945969,rho_1_over_3pi,11,0.15,3,3000,1290314,14,0,0.1386
vicsek,0.1061032953945969,rho_1_over_3pi,11,0.15,3,3000,1290315,15,0,0.1154
vicsek,0.1061032953945969,rho_1_over_3pi,11,0.15,3,3000,1290316,16,0,0.1231
vicsek,0.1061032953945969,rho_1_over_3pi,11,0.15,3,3000,1290317,17,0,0.1252
vicsek,0.1061032953945969,rho_1_over_3pi,11,0.15,3,3000,1290318,18,0,0.1298
vicsek,0.1061032953945969,rho_1_over_3pi,11,0.15,3,3000,1290319,19,0,0.0996
vicsek,0.1061032953945969,rho_1_over_3pi,11,0.2,4,3000,1290400,0,0,0.1876
vicsek,0.1061032953945969,rho_1_over_3pi,11,0.2,4,3000,1290401,1,0,0.1422
vicsek,0.1061032953945969,rho_1_over_3pi,11,0.2,4,3000,1290402,2,0,0.1525
vicsek,0.1061032953945969,rho_1_over_3pi,11,0.2,4,3000,1290403,3,0,0.157
vicsek,0.1061032953945969,rho_1_over_3pi,11,0.2,4,3000,1290404,4,0,0.1758
vicsek,0.1061032953945969,rho_1_over_3pi,11,0.2,4,3000,1290405,5,0,0.1582
vicsek,0.1061032953945969,rho_1_over_3pi,11,0.2,4,3000,1290406,6,0,0.2339
vicsek,0.1061032953945969,rho_1_over_3pi,11,0.2,4,3000,1290407,7,0,0.2095
vicsek,0.1061032953945969,rho_1_over_3pi,11,0.2,4,3000,1290408,8,0,0.2095
vicsek,0.1061032953945969,rho_1_over_3pi,11,0.2,4,3000,1290409,9,0,0.1849
vicsek,0.1061032953945969,rho_1_over_3pi,11,0.2,4,3000,1290410,10,0,0.1706
vicsek,0.1061032953945969,rho_1_over_3pi,11,0.2,4,3000,1290411,11,0,0.1689
vicsek,0.1061032953945969,rho_1_over_3pi,11,0.2,4,3000,1290412,12,0,0.1756
vicsek,0.1061032953945969,rho_1_over_3pi,11,0.2,4,3000,1290413,13,0,0.1526
vicsek,0.1061032953945969,rho_1_over_3pi,11,0.2,4,3000,1290414,14,0,0.1575
vicsek,0.1061032953945969,rho_1_over_3pi,11,0.2,4,3000,1290415,15,0,0.1473
vicsek,0.1061032953945969,rho_1_over_3pi,11,0.2,4,3000,1290416,16,0,0.1616
vicsek,0.1061032953945969,rho_1_over_3pi,11,0.2,4,3000,1290417,17,0,0.1384
vicsek,0.1061032953945969,rho_1_over_3pi,11,0.2,4,3000,1290418,18,0,0.1254
vicsek,0.1061032953945969,rho_1_over_3pi,11,0.2,4,3000,1290419,19,0,0.1421
vicsek,0.1061032953945969,rho_1_over_3pi,11,0.3,5,3000,1290500,0,0,0.1699
vicsek,0.1061032953945969,rho_1_over_3pi,11,0.3,5,3000,1290501,1,0,0.1596
vicsek,0.1061032953945969,rho_1_over_3pi,11,0.3,5,3000,1290502,2,0,0.1388
vicsek,0.1061032953945969,rho_1_over_3pi,11,0.3,5,3000,1290503,3,0,0.127
vicsek,0.1061032953945969,rho_1_over_3pi,11,0.3,5,3000,1290504,4,0,0.1413
vicsek,0.1061032953945969,rho_1_over_3pi,11,0.3,5,3000,1290505,5,0,0.1281
vicsek,0.1061032953945969,rho_1_over_3pi,11,0.3,5,3000,1290506,6,0,0.1097
vicsek,0.1061032953945969,rho_1_over_3pi,11,0.3,5,3000,1290507,7,0,0.1173
vicsek,0.1061032953945969,rho_1_over_3pi,11,0.3,5,3000,1290508,8,0,0.1227
vicsek,0.1061032953945969,rho_1_over_3pi,11,0.3,5,3000,1290509,9,0,0.1023
vicsek,0.1061032953945969,rho_1_over_3pi,11,0.3,5,3000,1290510,10,0,0.1373
vicsek,0.1061032953945969,rho_1_over_3pi,11,0.3,5,3000,1290511,11,0,0.1603
vicsek,0.1061032953945969,rho_1_over_3pi,11,0.3,5,3000,1290512,12,0,0.16
vicsek,0.1061032953945969,rho_1_over_3pi,11,0.3,5,3000,1290513,13,0,0.1614
vicsek,0.1061032953945969,rho_1_over_3pi,11,0.3,5,3000,1290514,14,0,0.1893
vicsek,0.1061032953945969,rho_1_over_3pi,11,0.3,5,3000,1290515,15,0,0.1774
vicsek,0.1061032953945969,rho_1_over_3pi,11,0.3,5,3000,1290516,16,0,0.1594
vicsek,0.1061032953945969,rho_1_over_3pi,11,0.3,5,3000,1290517,17,0,0.159
vicsek,0.1061032953945969,rho_1_over_3pi,11,0.3,5,3000,1290518,18,0,0.1324
vicsek,0.1061032953945969,rho_1_over_3pi,11,0.3,5,3000,1290519,19,0,0.1181
vicsek,0.1061032953945969,rho_1_over_3pi,11,0.4,6,3000,1290600,0,0,0.1245
vicsek,0.1061032953945969,rho_1_over_3pi,11,0.4,6,3000,1290601,1,0,0.1173
vicsek,0.1061032953945969,rho_1_over_3pi,11,0.4,6,3000,1290602,2,0,0.1042
vicsek,0.1061032953945969,rho_1_over_3pi,11,0.4,6,3000,1290603,3,0,0.1123
vicsek,0.1061032953945969,rho_1_over_3pi,11,0.4,6,3000,1290604,4,0,0.1145
vicsek,0.1061032953945969,rho_1_over_3pi,11,0.4,6,3000,1290605,5,0,0.1237
vicsek,0.1061032953945969,rho_1_over_3pi,11,0.4,6,3000,1290606,6,0,0.1343
vicsek,0.1061032953945969,rho_1_over_3pi,11,0.4,6,3000,1290607,7,0,0.1161
vicsek,0.1061032953945969,rho_1_over_3pi,11,0.4,6,3000,1290608,8,0,0.1547
vicsek,0.1061032953945969,rho_1_over_3pi,11,0.4,6,3000,1290609,9,0,0.164
vicsek,0.1061032953945969,rho_1_over_3pi,11,0.4,6,3000,1290610,10,0,0.1625
vicsek,0.1061032953945969,rho_1_over_3pi,11,0.4,6,3000,1290611,11,0,0.1441
vicsek,0.1061032953945969,rho_1_over_3pi,11,0.4,6,3000,1290612,12,0,0.175
vicsek,0.1061032953945969,rho_1_over_3pi,11,0.4,6,3000,1290613,13,0,0.1498
vicsek,0.1061032953945969,rho_1_over_3pi,11,0.4,6,3000,1290614,14,0,0.1305
vicsek,0.1061032953945969,rho_1_over_3pi,11,0.4,6,3000,1290615,15,0,0.1567
vicsek,0.1061032953945969,rho_1_over_3pi,11,0.4,6,3000,1290616,16,0,0.1372
vicsek,0.1061032953945969,rho_1_over_3pi,11,0.4,6,3000,1290617,17,0,0.1136
vicsek,0.1061032953945969,rho_1_over_3pi,11,0.4,6,3000,1290618,18,0,0.1059
vicsek,0.1061032953945969,rho_1_over_3pi,11,0.4,6,3000,1290619,19,0,0.1036
vicsek,0.1061032953945969,rho_1_over_3pi,11,0.5,7,3000,1290700,0,0,0.1338
vicsek,0.1061032953945969,rho_1_over_3pi,11,0.5,7,3000,1290701,1,0,0.1454
vicsek,0.1061032953945969,rho_1_over_3pi,11,0.5,7,3000,1290702,2,0,0.1774
vicsek,0.1061032953945969,rho_1_over_3pi,11,0.5,7,3000,1290703,3,0,0.1704
vicsek,0.1061032953945969,rho_1_over_3pi,11,0.5,7,3000,1290704,4,0,0.1704
vicsek,0.1061032953945969,rho_1_over_3pi,11,0.5,7,3000,1290705,5,0,0.1442
vicsek,0.1061032953945969,rho_1_over_3pi,11,0.5,7,3000,1290706,6,0,0.1618
vicsek,0.1061032953945969,rho_1_over_3pi,11,0.5,7,3000,1290707,7,0,0.1617
vicsek,0.1061032953945969,rho_1_over_3pi,11,0.5,7,3000,1290708,8,0,0.1445
vicsek,0.1061032953945969,rho_1_over_3pi,11,0.5,7,3000,1290709,9,0,0.1444
vicsek,0.1061032953945969,rho_1_over_3pi,11,0.5,7,3000,1290710,10,0,0.1199
vicsek,0.1061032953945969,rho_1_over_3pi,11,0.5,7,3000,1290711,11,0,0.1068
vicsek,0.1061032953945969,rho_1_over_3pi,11,0.5,7,3000,1290712,12,0,0.1308
vicsek,0.1061032953945969,rho_1_over_3pi,11,0.5,7,3000,1290713,13,0,0.1482
vicsek,0.1061032953945969,rho_1_over_3pi,11,0.5,7,3000,1290714,14,0,0.1654
vicsek,0.1061032953945969,rho_1_over_3pi,11,0.5,7,3000,1290715,15,0,0.1479
vicsek,0.1061032953945969,rho_1_over_3pi,11,0.5,7,3000,1290716,16,0,0.1411
vicsek,0.1061032953945969,rho_1_over_3pi,11,0.5,7,3000,1290717,17,0,0.2007
vicsek,0.1061032953945969,rho_1_over_3pi,11,0.5,7,3000,1290718,18,0,0.1843
vicsek,0.1061032953945969,rho_1_over_3pi,11,0.5,7,3000,1290719,19,0,0.1762
vicsek,0.1061032953945969,rho_1_over_3pi,11,1.0,8,3000,1290800,0,0,0.1664
vicsek,0.1061032953945969,rho_1_over_3pi,11,1.0,8,3000,1290801,1,0,0.1463
vicsek,0.1061032953945969,rho_1_over_3pi,11,1.0,8,3000,1290802,2,0,0.1412
vicsek,0.1061032953945969,rho_1_over_3pi,11,1.0,8,3000,1290803,3,0,0.1442
vicsek,0.1061032953945969,rho_1_over_3pi,11,1.0,8,3000,1290804,4,0,0.1472
vicsek,0.1061032953945969,rho_1_over_3pi,11,1.0,8,3000,1290805,5,0,0.199
vicsek,0.1061032953945969,rho_1_over_3pi,11,1.0,8,3000,1290806,6,0,0.1832
vicsek,0.1061032953945969,rho_1_over_3pi,11,1.0,8,3000,1290807,7,0,0.1669
vicsek,0.1061032953945969,rho_1_over_3pi,11,1.0,8,3000,1290808,8,0,0.1832
vicsek,0.1061032953945969,rho_1_over_3pi,11,1.0,8,3000,1290809,9,0,0.1637
vicsek,0.1061032953945969,rho_1_over_3pi,11,1.0,8,3000,1290810,10,0,0.1723
vicsek,0.1061032953945969,rho_1_over_3pi,11,1.0,8,3000,1290811,11,0,0.1679
vicsek,0.1061032953945969,rho_1_over_3pi,11,1.0,8,3000,1290812,12,0,0.1713
vicsek,0.1061032953945969,rho_1_over_3pi,11,1.0,8,3000,1290813,13,0,0.2187
vicsek,0.1061032953945969,rho_1_over_3pi,11,1.0,8,3000,1290814,14,0,0.1931
vicsek,0.1061032953945969,rho_1_over_3pi,11,1.0,8,3000,1290815,15,0,0.1834
vicsek,0.1061032953945969,rho_1_over_3pi,11,1.0,8,3000,1290816,16,0,0.2206
vicsek,0.1061032953945969,rho_1_over_3pi,11,1.0,8,3000,1290817,17,0,0.1697
vicsek,0.1061032953945969,rho_1_over_3pi,11,1.0,8,3000,1290818,18,0,0.1452
vicsek,0.1061032953945969,rho_1_over_3pi,11,1.0,8,3000,1290819,19,0,0.1572
vicsek,0.1061032953945969,rho_1_over_3pi,11,2.0,9,3000,1290900,0,0,0.203
vicsek,0.1061032953945969,rho_1_over_3pi,11,2.0,9,3000,1290901,1,0,0.153
vicsek,0.1061032953945969,rho_1_over_3pi,11,2.0,9,3000,1290902,2,0,0.1894
vicsek,0.1061032953945969,rho_1_over_3pi,11,2.0,9,3000,1290903,3,0,0.1592
vicsek,0.1061032953945969,rho_1_over_3pi,11,2.0,9,3000,1290904,4,0,0.198
vicsek,0.1061032953945969,rho_1_over_3pi,11,2.0,9,3000,1290905,5,0,0.1998
vicsek,0.1061032953945969,rho_1_over_3pi,11,2.0,9,3000,1290906,6,0,0.1718
vicsek,0.1061032953945969,rho_1_over_3pi,11,2.0,9,3000,1290907,7,0,0.189
vicsek,0.1061032953945969,rho_1_over_3pi,11,2.0,9,3000,1290908,8,0,0.1735
vicsek,0.1061032953945969,rho_1_over_3pi,11,2.0,9,3000,1290909,9,0,0.1652
vicsek,0.1061032953945969,rho_1_over_3pi,11,2.0,9,3000,1290910,10,0,0.2062
vicsek,0.1061032953945969,rho_1_over_3pi,11,2.0,9,3000,1290911,11,0,0.1655
vicsek,0.1061032953945969,rho_1_over_3pi,11,2.0,9,3000,1290912,12,0,0.1686
vicsek,0.1061032953945969,rho_1_over_3pi,11,2.0,9,3000,1290913,13,0,0.161
vicsek,0.1061032953945969,rho_1_over_3pi,11,2.0,9,3000,1290914,14,0,0.1791
vicsek,0.1061032953945969,rho_1_over_3pi,11,2.0,9,3000,1290915,15,0,0.1469
vicsek,0.1061032953945969,rho_1_over_3pi,11,2.0,9,3000,1290916,16,0,0.1378
vicsek,0.1061032953945969,rho_1_over_3pi,11,2.0,9,3000,1290917,17,0,0.1377
vicsek,0.1061032953945969,rho_1_over_3pi,11,2.0,9,3000,1290918,18,0,0.108
vicsek,0.1061032953945969,rho_1_over_3pi,11,2.0,9,3000,1290919,19,0,0.0945
vicsek,0.1061032953945969,rho_1_over_3pi,11,3.0,10,3000,1291000,0,0,0.1191
vicsek,0.1061032953945969,rho_1_over_3pi,11,3.0,10,3000,1291001,1,0,0.108
vicsek,0.1061032953945969,rho_1_over_3pi,11,3.0,10,3000,1291002,2,0,0.155
vicsek,0.1061032953945969,rho_1_over_3pi,11,3.0,10,3000,1291003,3,0,0.1544
vicsek,0.1061032953945969,rho_1_over_3pi,11,3.0,10,3000,1291004,4,0,0.1188
vicsek,0.1061032953945969,rho_1_over_3pi,11,3.0,10,3000,1291005,5,0,0.1455
vicsek,0.1061032953945969,rho_1_over_3pi,11,3.0,10,3000,1291006,6,0,0.1569
vicsek,0.1061032953945969,rho_1_over_3pi,11,3.0,10,3000,1291007,7,0,0.1668
vicsek,0.1061032953945969,rho_1_over_3pi,11,3.0,10,3000,1291008,8,0,0.1461
vicsek,0.1061032953945969,rho_1_over_3pi,11,3.0,10,3000,1291009,9,0,0.143
vicsek,0.1061032953945969,rho_1_over_3pi,11,3.0,10,3000,1291010,10,0,0.1404
vicsek,0.1061032953945969,rho_1_over_3pi,11,3.0,10,3000,1291011,11,0,0.1534
vicsek,0.1061032953945969,rho_1_over_3pi,11,3.0,10,3000,1291012,12,0,0.1312
vicsek,0.1061032953945969,rho_1_over_3pi,11,3.0,10,3000,1291013,13,0,0.192
vicsek,0.1061032953945969,rho_1_over_3pi,11,3.0,10,3000,1291014,14,0,0.1709
vicsek,0.1061032953945969,rho_1_over_3pi,11,3.0,10,3000,1291015,15,0,0.21
vicsek,0.1061032953945969,rho_1_over_3pi,11,3.0,10,3000,1291016,16,0,0.1975
vicsek,0.1061032953945969,rho_1_over_3pi,11,3.0,10,3000,1291017,17,0,0.2136
vicsek,0.1061032953945969,rho_1_over_3pi,11,3.0,10,3000,1291018,18,0,0.231
vicsek,0.1061032953945969,rho_1_over_3pi,11,3.0,10,3000,1291019,19,0,0.2014
vicsek,0.1061032953945969,rho_1_over_3pi,11,4.0,11,3000,1291100,0,0,0.2001
vicsek,0.1061032953945969,rho_1_over_3pi,11,4.0,11,3000,1291101,1,0,0.1343
vicsek,0.1061032953945969,rho_1_over_3pi,11,4.0,11,3000,1291102,2,0,0.1354
vicsek,0.1061032953945969,rho_1_over_3pi,11,4.0,11,3000,1291103,3,0,0.1155
vicsek,0.1061032953945969,rho_1_over_3pi,11,4.0,11,3000,1291104,4,0,0.112
vicsek,0.1061032953945969,rho_1_over_3pi,11,4.0,11,3000,1291105,5,0,0.1144
vicsek,0.1061032953945969,rho_1_over_3pi,11,4.0,11,3000,1291106,6,0,0.1204
vicsek,0.1061032953945969,rho_1_over_3pi,11,4.0,11,3000,1291107,7,0,0.1316
vicsek,0.1061032953945969,rho_1_over_3pi,11,4.0,11,3000,1291108,8,0,0.1387
vicsek,0.1061032953945969,rho_1_over_3pi,11,4.0,11,3000,1291109,9,0,0.1679
vicsek,0.1061032953945969,rho_1_over_3pi,11,4.0,11,3000,1291110,10,0,0.1342
vicsek,0.1061032953945969,rho_1_over_3pi,11,4.0,11,3000,1291111,11,0,0.1912
vicsek,0.1061032953945969,rho_1_over_3pi,11,4.0,11,3000,1291112,12,0,0.1763
vicsek,0.1061032953945969,rho_1_over_3pi,11,4.0,11,3000,1291113,13,0,0.2075
vicsek,0.1061032953945969,rho_1_over_3pi,11,4.0,11,3000,1291114,14,0,0.1689
vicsek,0.1061032953945969,rho_1_over_3pi,11,4.0,11,3000,1291115,15,0,0.1631
vicsek,0.1061032953945969,rho_1_over_3pi,11,4.0,11,3000,1291116,16,0,0.1935
vicsek,0.1061032953945969,rho_1_over_3pi,11,4.0,11,3000,1291117,17,0,0.1543
vicsek,0.1061032953945969,rho_1_over_3pi,11,4.0,11,3000,1291118,18,0,0.1809
vicsek,0.1061032953945969,rho_1_over_3pi,11,4.0,11,3000,1291119,19,0,0.125
vicsek,0.1061032953945969,rho_1_over_3pi,11,5.0,12,3000,1291200,0,0,0.1113
vicsek,0.1061032953945969,rho_1_over_3pi,11,5.0,12,3000,1291201,1,0,0.1229
vicsek,0.1061032953945969,rho_1_over_3pi,11,5.0,12,3000,1291202,2,0,0.1241
vicsek,0.1061032953945969,rho_1_over_3pi,11,5.0,12,3000,1291203,3,0,0.1222
vicsek,0.1061032953945969,rho_1_over_3pi,11,5.0,12,3000,1291204,4,0,0.1043
vicsek,0.1061032953945969,rho_1_over_3pi,11,5.0,12,3000,1291205,5,0,0.0998
vicsek,0.1061032953945969,rho_1_over_3pi,11,5.0,12,3000,1291206,6,0,0.1344
vicsek,0.1061032953945969,rho_1_over_3pi,11,5.0,12,3000,1291207,7,0,0.1525
vicsek,0.1061032953945969,rho_1_over_3pi,11,5.0,12,3000,1291208,8,0,0.141
vicsek,0.1061032953945969,rho_1_over_3pi,11,5.0,12,3000,1291209,9,0,0.1567
vicsek,0.1061032953945969,rho_1_over_3pi,11,5.0,12,3000,1291210,10,0,0.135
vicsek,0.1061032953945969,rho_1_over_3pi,11,5.0,12,3000,1291211,11,0,0.1463
vicsek,0.1061032953945969,rho_1_over_3pi,11,5.0,12,3000,1291212,12,0,0.1674
vicsek,0.1061032953945969,rho_1_over_3pi,11,5.0,12,3000,1291213,13,0,0.1484
vicsek,0.1061032953945969,rho_1_over_3pi,11,5.0,12,3000,1291214,14,0,0.1574
vicsek,0.1061032953945969,rho_1_over_3pi,11,5.0,12,3000,1291215,15,0,0.1428
vicsek,0.1061032953945969,rho_1_over_3pi,11,5.0,12,3000,1291216,16,0,0.138
vicsek,0.1061032953945969,rho_1_over_3pi,11,5.0,12,3000,1291217,17,0,0.1209
vicsek,0.1061032953945969,rho_1_over_3pi,11,5.0,12,3000,1291218,18,0,0.1195
vicsek,0.1061032953945969,rho_1_over_3pi,11,5.0,12,3000,1291219,19,0,0.1164
vicsek,0.1061032953945969,rho_1_over_3pi,11,6.0,13,3000,1291300,0,0,0.1238
vicsek,0.1061032953945969,rho_1_over_3pi,11,6.0,13,3000,1291301,1,0,0.1393
vicsek,0.1061032953945969,rho_1_over_3pi,11,6.0,13,3000,1291302,2,0,0.1298
vicsek,0.1061032953945969,rho_1_over_3pi,11,6.0,13,3000,1291303,3,0,0.154
vicsek,0.1061032953945969,rho_1_over_3pi,11,6.0,13,3000,1291304,4,0,0.1651
vicsek,0.1061032953945969,rho_1_over_3pi,11,6.0,13,3000,1291305,5,0,0.1393
vicsek,0.1061032953945969,rho_1_over_3pi,11,6.0,13,3000,1291306,6,0,0.1633
vicsek,0.1061032953945969,rho_1_over_3pi,11,6.0,13,3000,1291307,7,0,0.1744
vicsek,0.1061032953945969,rho_1_over_3pi,11,6.0,13,3000,1291308,8,0,0.1527
vicsek,0.1061032953945969,rho_1_over_3pi,11,6.0,13,3000,1291309,9,0,0.1444
vicsek,0.1061032953945969,rho_1_over_3pi,11,6.0,13,3000,1291310,10,0,0.1275
vicsek,0.1061032953945969,rho_1_over_3pi,11,6.0,13,3000,1291311,11,0,0.1195
vicsek,0.1061032953945969,rho_1_over_3pi,11,6.0,13,3000,1291312,12,0,0.1139
vicsek,0.1061032953945969,rho_1_over_3pi,11,6.0,13,3000,1291313,13,0,0.1091
vicsek,0.1061032953945969,rho_1_over_3pi,11,6.0,13,3000,1291314,14,0,0.106
vicsek,0.1061032953945969,rho_1_over_3pi,11,6.0,13,3000,1291315,15,0,0.1061
vicsek,0.1061032953945969,rho_1_over_3pi,11,6.0,13,3000,1291316,16,0,0.1113
vicsek,0.1061032953945969,rho_1_over_3pi,11,6.0,13,3000,1291317,17,0,0.1033
vicsek,0.1061032953945969,rho_1_over_3pi,11,6.0,13,3000,1291318,18,0,0.1123
vicsek,0.1061032953945969,rho_1_over_3pi,11,6.0,13,3000,1291319,19,0,0.1037
