model,rho_label,rho_nominal,N,eta,base_seed,realization,steps,va_t0,S_t0,t_window_start,va_window_mean,va_window_stdev,S_window_mean,S_window_stdev
voter,rho_2,2,200,0,970000,0,5000,0.06382040686889973,0.955,3750,0.9999999999999991,0.0,1.0,0.0
voter,rho_2,2,200,0,970001,1,5000,0.08400703720084239,0.995,3750,0.9999999999999998,0.0,1.0,0.0
voter,rho_2,2,200,0,970002,2,5000,0.05249917898265198,0.995,3750,0.9999999999999998,0.0,1.0,0.0
voter,rho_2,2,200,0,970003,3,5000,0.034258537438866185,0.99,3750,0.9999999999999994,0.0,1.0,0.0
voter,rho_2,2,200,0,970004,4,5000,0.021339561933214294,0.99,3750,1.0000000000000029,0.0,1.0,0.0
voter,rho_2,2,200,0,970005,5,5000,0.028762152258839598,1.0,3750,0.9999999999999986,0.0,1.0,0.0
voter,rho_2,2,200,0,970006,6,5000,0.05752867411243205,1.0,3750,1.0000000000000038,0.0,1.0,0.0
voter,rho_2,2,200,0,970007,7,5000,0.013253898978328873,1.0,3750,0.9999999999999972,0.0,1.0,0.0
voter,rho_2,2,200,0,970008,8,5000,0.10373745615327269,0.995,3750,0.9999999999999978,0.0,1.0,0.0
voter,rho_2,2,200,0,970009,9,5000,0.04565105835364104,0.925,3750,0.999999999999996,0.0,0.865,0.0
voter,rho_2,2,200,0,970010,10,5000,0.10538088582265434,1.0,3750,1.0000000000000013,0.0,1.0,0.0
voter,rho_2,2,200,0,970011,11,5000,0.04478774708894154,0.985,3750,0.9999999999999978,0.0,0.9600000000000001,0.0
voter,rho_2,2,200,0,970012,12,5000,0.06275085339491111,1.0,3750,1.000000000000004,0.0,0.9849999999999999,0.0
voter,rho_2,2,200,0,970013,13,5000,0.01629777969808401,1.0,3750,0.9999999999999958,0.0,1.0,0.0
voter,rho_2,2,200,0,970014,14,5000,0.026463725511464416,1.0,3750,1.0000000000000016,0.0,1.0,0.0
voter,rho_2,2,200,0,970015,15,5000,0.029920665198043452,1.0,3750,1.0000000000000029,0.0,1.0,0.0
voter,rho_2,2,200,0,970016,16,5000,0.058573543353691644,1.0,3750,1.0000000000000009,0.0,1.0,0.0
voter,rho_2,2,200,0,970017,17,5000,0.08527233156034983,1.0,3750,0.9999999999999972,0.0,0.9849999999999999,0.0
voter,rho_2,2,200,0,970018,18,5000,0.04091182756490612,0.935,3750,1.000000000000002,0.0,0.955,0.0
voter,rho_2,2,200,0,970019,19,5000,0.0323852302955382,0.985,3750,1.0000000000000024,0.0,1.0,0.0
voter,rho_2,2,200,0.050000000000000003,970100,0,5000,0.09778967705894115,0.99,3750,0.9762416714775879,0.011970985738473475,1.0,0.0
voter,rho_2,2,200,0.050000000000000003,970101,1,5000,0.07962718156548156,0.995,3750,0.9839830264408302,0.00922880269914953,0.9919104716227017,0.020647666148102647
voter,rho_2,2,200,0.050000000000000003,970102,2,5000,0.09056671981377754,0.99,3750,0.9851172522760159,0.013250698095553237,1.0,0.0
voter,rho_2,2,200,0.050000000000000003,970103,3,5000,0.1364369777218602,1.0,3750,0.9665929227916188,0.016829426221344996,1.0,0.0
voter,rho_2,2,200,0.050000000000000003,970104,4,5000,0.023401443412330546,0.995,3750,0.9779839708186514,0.013042553547006317,0.988029576338929,0.028129367491786524
voter,rho_2,2,200,0.050000000000000003,970105,5,5000,0.10536243325991199,1.0,3750,0.9630445127475582,0.028847416315416662,0.9775539568345324,0.07302154729417576
voter,rho_2,2,200,0.050000000000000003,970106,6,5000,0.05179169039676408,0.78,3750,0.9840583893146768,0.016988688292243634,0.9858792965627499,0.047133946703827784
voter,rho_2,2,200,0.050000000000000003,970107,7,5000,0.013491148354454585,1.0,3750,0.9706940260802198,0.02641445893423066,0.9997082334132694,0.0020618930705173025
voter,rho_2,2,200,0.050000000000000003,970108,8,5000,0.06955941107841727,0.985,3750,0.9834556649453858,0.010765558144013906,1.0,0.0
voter,rho_2,2,200,0.050000000000000003,970109,9,5000,0.041765371387814276,1.0,3750,0.9737688567707934,0.02563810519429261,0.9857593924860112,0.01731539786744693
voter,rho_2,2,200,0.050000000000000003,970110,10,5000,0.004316958393097633,1.0,3750,0.9595454026037319,0.02768747362344067,0.9519944044764188,0.07756716983361112
voter,rho_2,2,200,0.050000000000000003,970111,11,5000,0.06445190927349187,1.0,3750,0.9778376927286632,0.013960078091842045,0.9898800959232613,0.014183957972997803
voter,rho_2,2,200,0.050000000000000003,970112,12,5000,0.027154772160673527,1.0,3750,0.986039127223684,0.005897655109833741,0.9981574740207834,0.0038691608611827965
voter,rho_2,2,200,0.050000000000000003,970113,13,5000,0.06172650261105674,0.985,3750,0.9346542002252345,0.051834103240431535,0.9960551558752998,0.006603852413729555
voter,rho_2,2,200,0.050000000000000003,970114,14,5000,0.03356537485722521,1.0,3750,0.977206553847836,0.02259918138450472,0.9951958433253397,0.004996163066986498
voter,rho_2,2,200,0.050000000000000003,970115,15,5000,0.07859847024728835,1.0,3750,0.955922238388167,0.04626032644726713,0.999996003197442,0.00014130830958963793
voter,rho_2,2,200,0.050000000000000003,970116,16,5000,0.008723397017330721,0.995,3750,0.9857568490839088,0.0086937086902414,0.9896123101518784,0.012521347731762479
voter,rho_2,2,200,0.050000000000000003,970117,17,5000,0.07317910989960075,1.0,3750,0.9867663214373592,0.008142012041580654,0.9973780975219825,0.006750087181371589
voter,rho_2,2,200,0.050000000000000003,970118,18,5000,0.07534779474382419,0.985,3750,0.986828013731232,0.010432979177364469,0.9490647482014388,0.06543591610899116
voter,rho_2,2,200,0.050000000000000003,970119,19,5000,0.04092176198179124,0.965,3750,0.9897521609251209,0.0051100236334333925,0.9978657074340527,0.005240151117301009
voter,rho_2,2,200,0.10000000000000001,970200,0,5000,0.06935348062532679,1.0,3750,0.9562479556888533,0.021363381461202827,1.0,0.0
voter,rho_2,2,200,0.10000000000000001,970201,1,5000,0.11768486561578172,0.965,3750,0.8877344390615216,0.0707846346898625,0.9752238209432453,0.048799229218204676
voter,rho_2,2,200,0.10000000000000001,970202,2,5000,0.02415815288115897,0.985,3750,0.925962162417113,0.05440460640691501,0.9999800159872102,0.00031546902095397496
voter,rho_2,2,200,0.10000000000000001,970203,3,5000,0.12128044105693613,1.0,3750,0.9514099235759795,0.025503704225797997,0.9763189448441247,0.039852082029074885
voter,rho_2,2,200,0.10000000000000001,970204,4,5000,0.035218683152699104,1.0,3750,0.9346181055075372,0.025850166012953337,0.9704156674660271,0.054861455129507755
voter,rho_2,2,200,0.10000000000000001,970205,5,5000,0.04026560445013974,0.99,3750,0.7409158925362623,0.15006440599628454,0.9875459632294166,0.026145477943192087
voter,rho_2,2,200,0.10000000000000001,970206,6,5000,0.085892546784643,0.99,3750,0.9516793792963225,0.03936830904100263,0.9989048760991208,0.0031228100567463105
voter,rho_2,2,200,0.10000000000000001,970207,7,5000,0.02446598362311403,1.0,3750,0.9420273779868,0.035446548738919184,0.9914948041566746,0.01519930780711288
voter,rho_2,2,200,0.10000000000000001,970208,8,5000,0.04381590758943306,0.995,3750,0.9700697975876206,0.016766372437805033,0.999996003197442,0.00014130830958963793
voter,rho_2,2,200,0.10000000000000001,970209,9,5000,0.08135289616108982,0.975,3750,0.8649726224861921,0.10533428846658946,0.9774820143884891,0.042119300182940744
voter,rho_2,2,200,0.10000000000000001,970210,10,5000,0.057691663118,1.0,3750,0.8547417592294271,0.09913716719261749,0.9637290167865707,0.051190691730202915
voter,rho_2,2,200,0.10000000000000001,970211,11,5000,0.05437338704463818,0.99,3750,0.8805995288349009,0.117638158593051,0.9921902478017586,0.008044079254315283
voter,rho_2,2,200,0.10000000000000001,970212,12,5000,0.0487068360599977,0.985,3750,0.946632535017118,0.03616468728745012,1.0,0.0
voter,rho_2,2,200,0.10000000000000001,970213,13,5000,0.08300179591275293,1.0,3750,0.9355915071079177,0.042529779211639474,0.9980775379696243,0.003938118336557574
voter,rho_2,2,200,0.10000000000000001,970214,14,5000,0.022980843421403784,1.0,3750,0.8970248320588922,0.09180515881964132,0.9756434852118305,0.041935649709410015
voter,rho_2,2,200,0.10000000000000001,970215,15,5000,0.044601313692895835,0.99,3750,0.9339307095487868,0.046879224487815216,0.976974420463629,0.020278303121855835
voter,rho_2,2,200,0.10000000000000001,970216,16,5000,0.009365291286074228,1.0,3750,0.9265030096287146,0.050502169598650164,0.9826139088729017,0.023812357961259318
voter,rho_2,2,200,0.10000000000000001,970217,17,5000,0.031136440512059518,0.96,3750,0.9453570341698215,0.039824696927999885,0.9952238209432455,0.012591387123147526
voter,rho_2,2,200,0.10000000000000001,970218,18,5000,0.06946085823876111,1.0,3750,0.9202930116240309,0.07086444467521133,0.9795203836930456,0.04160462748481401
voter,rho_2,2,200,0.10000000000000001,970219,19,5000,0.07263633810219382,0.99,3750,0.9379789638470688,0.042917782180375286,0.9707314148681055,0.051211975856625916
voter,rho_2,2,200,0.14999999999999999,970300,0,5000,0.07464365864725392,1.0,3750,0.7440620369180461,0.14606133166154003,0.9643764988009592,0.05251137952166542
voter,rho_2,2,200,0.14999999999999999,970301,1,5000,0.03321950532089027,1.0,3750,0.7694653356153561,0.2383433588859008,0.9969784172661871,0.006016126560330805
voter,rho_2,2,200,0.14999999999999999,970302,2,5000,0.05987018470360285,0.975,3750,0.8720431945715396,0.044873763165775675,0.9989128697042367,0.004507875939045352
voter,rho_2,2,200,0.14999999999999999,970303,3,5000,0.03231095090126561,0.995,3750,0.8978899561862108,0.05442629266964529,0.9848601119104716,0.03151072951881025
voter,rho_2,2,200,0.14999999999999999,970304,4,5000,0.07330543275162156,1.0,3750,0.8782094352502549,0.07205134513645263,0.9426099120703436,0.08146271521681478
voter,rho_2,2,200,0.14999999999999999,970305,5,5000,0.04021103225065894,0.99,3750,0.8446351680199614,0.09999292227790928,0.9717665867306156,0.04938183696464389
voter,rho_2,2,200,0.14999999999999999,970306,6,5000,0.04350500230240204,1.0,3750,0.8567412327837903,0.09948084940574528,0.9849160671462829,0.019656648813219286
voter,rho_2,2,200,0.14999999999999999,970307,7,5000,0.039026023917992786,0.995,3750,0.8761453274784794,0.08974291637415957,0.9938449240607513,0.005930985663570221
voter,rho_2,2,200,0.14999999999999999,970308,8,5000,0.03493405310578626,0.98,3750,0.8773625456434883,0.06740308663484586,0.9945163868904877,0.012722281481641482
voter,rho_2,2,200,0.14999999999999999,970309,9,5000,0.033804848984866215,0.945,3750,0.8201797567342458,0.11656393553975433,0.9883852917665867,0.03864965193916744
voter,rho_2,2,200,0.14999999999999999,970310,10,5000,0.1002341172663676,0.995,3750,0.8909538331812925,0.076525065238941,0.9934132693844924,0.011481933806612134
voter,rho_2,2,200,0.14999999999999999,970311,11,5000,0.06116387576813442,1.0,3750,0.8789660320608862,0.05816645613064037,0.9841446842525979,0.0397703721847967
voter,rho_2,2,200,0.14999999999999999,970312,12,5000,0.06550003173441983,1.0,3750,0.924897959895635,0.03940714316718627,0.964664268585132,0.03801487984162392
voter,rho_2,2,200,0.14999999999999999,970313,13,5000,0.0787486819712187,0.99,3750,0.8735177390242413,0.07792106466713723,0.9893525179856115,0.03579546590493265
voter,rho_2,2,200,0.14999999999999999,970314,14,5000,0.04349398438169933,0.995,3750,0.816408014738969,0.12344169062877909,0.9689368505195844,0.08183710014525618
voter,rho_2,2,200,0.14999999999999999,970315,15,5000,0.06638695297034278,1.0,3750,0.8830794660009949,0.061560601122387794,0.9745323741007195,0.023733321188814164
voter,rho_2,2,200,0.14999999999999999,970316,16,5000,0.06419682447950334,0.99,3750,0.8044777986449638,0.11438856784312046,0.9585611510791368,0.05144988226658794
voter,rho_2,2,200,0.14999999999999999,970317,17,5000,0.013727153182401227,0.995,3750,0.8391725142913753,0.16005427615149934,0.9845323741007195,0.021155687192777696
voter,rho_2,2,200,0.14999999999999999,970318,18,5000,0.02712774480345143,0.995,3750,0.8631811446828912,0.06345246936813878,0.999996003197442,0.00014130830958963793
voter,rho_2,2,200,0.14999999999999999,970319,19,5000,0.050560254351031085,0.99,3750,0.8921639446554275,0.04854960827616187,0.999060751398881,0.0062182130372195445
voter,rho_2,2,200,0.20000000000000001,970400,0,5000,0.037714222407027195,1.0,3750,0.740564038644233,0.1713292627761248,0.9891366906474821,0.026405611064371868
voter,rho_2,2,200,0.20000000000000001,970401,1,5000,0.06284832630782135,1.0,3750,0.6897187046068896,0.157595976672819,0.9406035171862509,0.14510358863402353
voter,rho_2,2,200,0.20000000000000001,970402,2,5000,0.06297974227023265,0.995,3750,0.8119982498932707,0.08620941729882528,0.9832733812949641,0.07496986073658272
voter,rho_2,2,200,0.20000000000000001,970403,3,5000,0.0444421171217397,0.995,3750,0.79952137506847,0.16250498161446958,0.9777138289368504,0.017431183656785136
voter,rho_2,2,200,0.20000000000000001,970404,4,5000,0.03876129578048402,1.0,3750,0.7325513554518625,0.16197420460367992,0.9407274180655475,0.08619794876069756
voter,rho_2,2,200,0.20000000000000001,970405,5,5000,0.10685758864700831,1.0,3750,0.8041534726714654,0.11170365908042587,0.9760791366906475,0.060116082521002354
voter,rho_2,2,200,0.20000000000000001,970406,6,5000,0.046721299311331316,1.0,3750,0.7459454145029699,0.2088472884481456,0.988361310951239,0.014544528706966965
voter,rho_2,2,200,0.20000000000000001,970407,7,5000,0.09613793089490114,0.995,3750,0.6646801885171765,0.2485012830865196,0.9806394884092725,0.042488428003477595
voter,rho_2,2,200,0.20000000000000001,970408,8,5000,0.04746538111244507,1.0,3750,0.8101024077184175,0.08429025617732148,0.9961950439648282,0.030743366824976696
voter,rho_2,2,200,0.20000000000000001,970409,9,5000,0.04632351583567993,0.99,3750,0.6959642728570973,0.2757475340893007,0.9673980815347721,0.10354876497059247
voter,rho_2,2,200,0.20000000000000001,970410,10,5000,0.03843465639357464,1.0,3750,0.8104738727858013,0.0815518471198159,0.9389088729016787,0.09154694868840417
voter,rho_2,2,200,0.20000000000000001,970411,11,5000,0.07061828113163843,1.0,3750,0.7101722331734632,0.1535107317164889,0.950775379696243,0.059899982462739386
voter,rho_2,2,200,0.20000000000000001,970412,12,5000,0.06386858133147079,0.99,3750,0.6103757583666399,0.12885049435618331,0.9320863309352517,0.08033778944355548
voter,rho_2,2,200,0.20000000000000001,970413,13,5000,0.09024848306570356,1.0,3750,0.6091115148138303,0.233353874043328,0.969212629896083,0.037540273502605075
voter,rho_2,2,200,0.20000000000000001,970414,14,5000,0.05275747786438137,0.995,3750,0.719017380810086,0.13879626107793744,0.9859272581934452,0.01569911890931654
voter,rho_2,2,200,0.20000000000000001,970415,15,5000,0.07296994678929869,0.995,3750,0.6796776168602455,0.1843105700972793,0.9741526778577138,0.02645376399531313
voter,rho_2,2,200,0.20000000000000001,970416,16,5000,0.10009209766861757,0.985,3750,0.5978860063887832,0.24001946713185848,0.9535531574740208,0.07742963704595242
voter,rho_2,2,200,0.20000000000000001,970417,17,5000,0.12857336655444274,0.985,3750,0.7307308324911204,0.17010612030266958,0.9637769784172662,0.05395122272975383
voter,rho_2,2,200,0.20000000000000001,970418,18,5000,0.09731452177328398,1.0,3750,0.7414197173538154,0.10700674980248533,0.9973181454836131,0.006562579410506381
voter,rho_2,2,200,0.20000000000000001,970419,19,5000,0.007776894345620644,1.0,3750,0.7535229233363661,0.16070504904168095,0.9840607513988808,0.042153002334712586
voter,rho_4,4,400,0,1000000,0,5000,0.08362990005430827,1.0,3750,0.999999999999996,0.0,1.0,0.0
voter,rho_4,4,400,0,1000001,1,5000,0.06635628700365072,1.0,3750,1.0000000000000049,0.0,1.0,0.0
voter,rho_4,4,400,0,1000002,2,5000,0.07177952737570804,1.0,3750,0.9999999999999938,0.0,1.0,0.0
voter,rho_4,4,400,0,1000003,3,5000,0.022394324043805706,1.0,3750,0.9999999999999943,0.0,1.0,0.0
voter,rho_4,4,400,0,1000004,4,5000,0.022086925194915223,1.0,3750,0.9999999999999946,0.0,1.0,0.0
voter,rho_4,4,400,0,1000005,5,5000,0.03322771257611105,1.0,3750,1.0000000000000002,0.0,0.9825,0.0
voter,rho_4,4,400,0,1000006,6,5000,0.06039480087481336,1.0,3750,0.9999999999999943,0.0,1.0,0.0
voter,rho_4,4,400,0,1000007,7,5000,0.04172407365154261,1.0,3750,1.0000000000000029,0.0,1.0,0.0
voter,rho_4,4,400,0,1000008,8,5000,0.024217579756023344,1.0,3750,0.9999999999999966,0.0,1.0,0.0
voter,rho_4,4,400,0,1000009,9,5000,0.04371500454838442,1.0,3750,1.0000000000000018,0.0,0.99,0.0
voter,rho_4,4,400,0,1000010,10,5000,0.030213820939575697,1.0,3750,0.999999999999994,0.0,1.0,0.0
voter,rho_4,4,400,0,1000011,11,5000,0.03685917118580535,1.0,3750,0.9999999999999958,0.0,1.0,0.0
voter,rho_4,4,400,0,1000012,12,5000,0.0424454063006639,1.0,3750,1.0000000000000049,0.0,1.0,0.0
voter,rho_4,4,400,0,1000013,13,5000,0.03445334752132198,1.0,3750,1.0000000000000095,0.0,1.0,0.0
voter,rho_4,4,400,0,1000014,14,5000,0.041822443724273156,1.0,3750,0.9999999999999991,0.0,1.0,0.0
voter,rho_4,4,400,0,1000015,15,5000,0.07173536162173329,1.0,3750,0.9999999999999898,0.0,1.0,0.0
voter,rho_4,4,400,0,1000016,16,5000,0.01660885904507048,1.0,3750,1.0000000000000024,0.0,1.0,0.0
voter,rho_4,4,400,0,1000017,17,5000,0.02356672827430227,1.0,3750,1.0000000000000044,0.0,1.0,0.0
voter,rho_4,4,400,0,1000018,18,5000,0.025938493935345436,1.0,3750,1.0000000000000033,0.0,1.0,0.0
voter,rho_4,4,400,0,1000019,19,5000,0.03264947127269863,1.0,3750,1.000000000000001,0.0,1.0,0.0
voter,rho_4,4,400,0.050000000000000003,1000100,0,5000,0.044994416288096126,1.0,3750,0.9849158016942162,0.00803221611497025,1.0,0.0
voter,rho_4,4,400,0.050000000000000003,1000101,1,5000,0.06656662233650185,1.0,3750,0.9731457423410693,0.02454954527951834,1.0,0.0
voter,rho_4,4,400,0.050000000000000003,1000102,2,5000,0.07092003320983895,1.0,3750,0.9685028554590216,0.014790583359824465,1.0,0.0
voter,rho_4,4,400,0.050000000000000003,1000103,3,5000,0.05056277645349283,1.0,3750,0.9540876592728772,0.024305920969133553,1.0,0.0
voter,rho_4,4,400,0.050000000000000003,1000104,4,5000,0.025428454442781287,1.0,3750,0.9788051390713632,0.01046196351515436,1.0,0.0
voter,rho_4,4,400,0.050000000000000003,1000105,5,5000,0.015491479845460789,1.0,3750,0.9664706244161425,0.02413526696833087,0.9992166266986411,0.0026870168001535046
voter,rho_4,4,400,0.050000000000000003,1000106,6,5000,0.020399501120916878,1.0,3750,0.9824402190821355,0.007581047054795499,0.9994084732214229,0.0016148467305326067
voter,rho_4,4,400,0.050000000000000003,1000107,7,5000,0.0642207357843469,1.0,3750,0.9711183802403519,0.01935227269298961,0.9998521183053558,0.0008470770198810487
voter,rho_4,4,400,0.050000000000000003,1000108,8,5000,0.019120764252444092,1.0,3750,0.9663347921001706,0.025153907884583843,0.9958932853717026,0.0046934826998524925
voter,rho_4,4,400,0.050000000000000003,1000109,9,5000,0.04587479753118193,1.0,3750,0.9487344618072143,0.03464074972614498,0.9961990407673862,0.009929364393420702
voter,rho_4,4,400,0.050000000000000003,1000110,10,5000,0.07777542286908604,1.0,3750,0.9351517374406892,0.043621082807505214,0.9992665867306155,0.0017533440301439286
voter,rho_4,4,400,0.050000000000000003,1000111,11,5000,0.024056979016032133,1.0,3750,0.9800368746082815,0.007675957814058707,1.0,0.0
voter,rho_4,4,400,0.050000000000000003,1000112,12,5000,0.06733549617531348,1.0,3750,0.9278330203498972,0.04838137361663182,0.9986430855315748,0.0039711074521298646
voter,rho_4,4,400,0.050000000000000003,1000113,13,5000,0.05035397571081472,1.0,3750,0.9723681161028128,0.01724210998824623,1.0,0.0
voter,rho_4,4,400,0.050000000000000003,1000114,14,5000,0.044786276407036626,1.0,3750,0.9474419416627373,0.031236694361044103,0.988968824940048,0.011940760525552251
voter,rho_4,4,400,0.050000000000000003,1000115,15,5000,0.03386373648015388,1.0,3750,0.9791843628284824,0.008735967068788842,1.0,0.0
voter,rho_4,4,400,0.050000000000000003,1000116,16,5000,0.04620603318729946,1.0,3750,0.960592681942442,0.025256951485200768,1.0,0.0
voter,rho_4,4,400,0.050000000000000003,1000117,17,5000,0.030880006440995474,1.0,3750,0.9638212114601193,0.021681862681275265,1.0,0.0
voter,rho_4,4,400,0.050000000000000003,1000118,18,5000,0.06484709199814576,1.0,3750,0.9774317372111709,0.013342386973208688,1.0,0.0
voter,rho_4,4,400,0.050000000000000003,1000119,19,5000,0.06211289576910953,1.0,3750,0.9655023656091473,0.02196334611943841,1.0,0.0
voter,rho_4,4,400,0.10000000000000001,1000200,0,5000,0.026905788661319388,1.0,3750,0.8957662823880467,0.06636360638910771,0.9999760191846523,0.00024367387809233983
voter,rho_4,4,400,0.10000000000000001,1000201,1,5000,0.11175303199396096,1.0,3750,0.9229290304460347,0.03648361672126846,0.9999480415667465,0.001298441143043943
voter,rho_4,4,400,0.10000000000000001,1000202,2,5000,0.02017238524300096,1.0,3750,0.8081156159654493,0.1091012378961357,0.9907833733013589,0.011825141358867931
voter,rho_4,4,400,0.10000000000000001,1000203,3,5000,0.024898235916733333,1.0,3750,0.6722563629425025,0.15825249720958134,0.9973361310951239,0.01416272076163696
voter,rho_4,4,400,0.10000000000000001,1000204,4,5000,0.06279222543961668,1.0,3750,0.934426032529013,0.03463753167716395,0.996974420463629,0.0032342196929477486
voter,rho_4,4,400,0.10000000000000001,1000205,5,5000,0.06513156346988047,1.0,3750,0.9134295716896839,0.03578985886779144,0.9944264588329336,0.0037847493850686536
voter,rho_4,4,400,0.10000000000000001,1000206,6,5000,0.02175973289152244,1.0,3750,0.9303269822419779,0.02961943870383672,0.9996322941646683,0.0012662549235334972
voter,rho_4,4,400,0.10000000000000001,1000207,7,5000,0.08233271448067599,1.0,3750,0.9252337295049726,0.04008081814804136,0.9958832933653077,0.013743655198617779
voter,rho_4,4,400,0.10000000000000001,1000208,8,5000,0.034933975907569456,1.0,3750,0.8598314463380312,0.10838032052600065,0.9964208633093525,0.005699872063552658
voter,rho_4,4,400,0.10000000000000001,1000209,9,5000,0.026163152291844932,1.0,3750,0.8253631773692569,0.16462937772998346,1.0,0.0
voter,rho_4,4,400,0.10000000000000001,1000210,10,5000,0.005053583749776534,1.0,3750,0.4067703912199423,0.16043313338038298,0.9992146282973621,0.003636910247560079
voter,rho_4,4,400,0.10000000000000001,1000211,11,5000,0.03175023290031808,1.0,3750,0.8293235067773811,0.12244722571106732,0.9961870503597122,0.009439729729963778
voter,rho_4,4,400,0.10000000000000001,1000212,12,5000,0.02067846818176933,1.0,3750,0.8638460796418922,0.08674108349649325,0.999996003197442,0.00014130830958963793
voter,rho_4,4,400,0.10000000000000001,1000213,13,5000,0.06403236678307073,1.0,3750,0.8289348494848752,0.09457006759975592,0.9921782573940847,0.010183733703077045
voter,rho_4,4,400,0.10000000000000001,1000214,14,5000,0.025377237283266293,1.0,3750,0.9217869131912771,0.03273772888768792,0.999048760991207,0.002933859989174713
voter,rho_4,4,400,0.10000000000000001,1000215,15,5000,0.09072073619601431,1.0,3750,0.9401745077057816,0.020095355081383545,0.9994944044764189,0.0036943538088569567
voter,rho_4,4,400,0.10000000000000001,1000216,16,5000,0.05739849471480134,1.0,3750,0.9287940795069879,0.03445574998092154,0.999998001598721,7.065415479481739e-05
voter,rho_4,4,400,0.10000000000000001,1000217,17,5000,0.02254857094767406,1.0,3750,0.838096265711067,0.051572573615020025,0.9996762589928058,0.001524220887607062
voter,rho_4,4,400,0.10000000000000001,1000218,18,5000,0.014381523563474217,1.0,3750,0.7947007192805134,0.09240486108956922,0.995435651478817,0.007861336747835275
voter,rho_4,4,400,0.10000000000000001,1000219,19,5000,0.0221520466548129,1.0,3750,0.867113157116699,0.11883627446392728,0.9986330935251798,0.0026314506107074686
voter,rho_4,4,400,0.14999999999999999,1000300,0,5000,0.06292882692928155,1.0,3750,0.8846368088469465,0.06108503994052036,1.0,0.0
voter,rho_4,4,400,0.14999999999999999,1000301,1,5000,0.05756861022608303,1.0,3750,0.7679421206927936,0.15774534073542198,0.9922462030375699,0.00868965634933665
voter,rho_4,4,400,0.14999999999999999,1000302,2,5000,0.04995705687407463,1.0,3750,0.7221580369466019,0.13330501933478056,0.9994824140687449,0.0022074854685670683
voter,rho_4,4,400,0.14999999999999999,1000303,3,5000,0.06777224972183575,1.0,3750,0.8146920872310589,0.09917985490771095,0.9968844924060751,0.005876497319453649
voter,rho_4,4,400,0.14999999999999999,1000304,4,5000,0.05638195145708209,1.0,3750,0.8395890324289065,0.07185412018337879,0.9906534772182255,0.01571655235364844
voter,rho_4,4,400,0.14999999999999999,1000305,5,5000,0.026896890990567468,1.0,3750,0.7095131575705664,0.10138599545279772,0.9999280575539569,0.0009349443016603288
voter,rho_4,4,400,0.14999999999999999,1000306,6,5000,0.023301156741645714,1.0,3750,0.7836023570851736,0.12988459240650355,0.9988249400479616,0.0036135416629289123
voter,rho_4,4,400,0.14999999999999999,1000307,7,5000,0.06284419499425731,1.0,3750,0.7277511448916936,0.23398332420102835,0.9980515587529976,0.0035504162015434037
voter,rho_4,4,400,0.14999999999999999,1000308,8,5000,0.052247707978342744,1.0,3750,0.8173852054759018,0.1281146114753414,0.9999920063948841,0.00014113863775387048
voter,rho_4,4,400,0.14999999999999999,1000309,9,5000,0.04893208813747662,1.0,3750,0.7177232459065199,0.1332436249984394,0.9997621902478019,0.0010476274434972216
voter,rho_4,4,400,0.14999999999999999,1000310,10,5000,0.05547995958911308,1.0,3750,0.5623138829839529,0.12665321396428617,0.995249800159872,0.01655546083119903
voter,rho_4,4,400,0.14999999999999999,1000311,11,5000,0.031017163088441983,1.0,3750,0.6153550136203397,0.22468119509270132,1.0,0.0
voter,rho_4,4,400,0.14999999999999999,1000312,12,5000,0.005796042377845092,1.0,3750,0.8464600950455707,0.08210445975964871,0.9926858513189448,0.013323603751280623
voter,rho_4,4,400,0.14999999999999999,1000313,13,5000,0.06355528515380406,1.0,3750,0.6358151409725717,0.17437205045288892,0.9988149480415667,0.003184558877631578
voter,rho_4,4,400,0.14999999999999999,1000314,14,5000,0.07908418088631193,1.0,3750,0.8172738292749135,0.05838029913741814,0.9971702637889689,0.012719149564253488
voter,rho_4,4,400,0.14999999999999999,1000315,15,5000,0.05512985019036962,1.0,3750,0.7628578326162739,0.08020863946227226,0.9895983213429256,0.02718625114609871
voter,rho_4,4,400,0.14999999999999999,1000316,16,5000,0.02862754633860071,1.0,3750,0.6879957298369306,0.17594309118109794,0.9953097521982414,0.008676332970529239
voter,rho_4,4,400,0.14999999999999999,1000317,17,5000,0.04497721962231918,1.0,3750,0.6890990573613177,0.15198482583213188,0.9906954436450839,0.015739688084527702
voter,rho_4,4,400,0.14999999999999999,1000318,18,5000,0.0701355022795572,1.0,3750,0.7744689607076959,0.0794110656216826,0.9957434052757793,0.0062398523915654525
voter,rho_4,4,400,0.14999999999999999,1000319,19,5000,0.03989921369831146,1.0,3750,0.7646681063413953,0.10049097245677178,0.9954656274980017,0.009966371192271412
voter,rho_4,4,400,0.20000000000000001,1000400,0,5000,0.025878264690376174,1.0,3750,0.6698857766533846,0.17761920145274415,0.9967625899280576,0.007399121148615486
voter,rho_4,4,400,0.20000000000000001,1000401,1,5000,0.021369383683257703,1.0,3750,0.6689917057768294,0.1669725284402841,0.9996083133493205,0.0036545552689161544
voter,rho_4,4,400,0.20000000000000001,1000402,2,5000,0.012938099687279016,1.0,3750,0.7217008149194118,0.15693955630558337,0.9985131894484414,0.0029867188531353802
voter,rho_4,4,400,0.20000000000000001,1000403,3,5000,0.0636579213564053,1.0,3750,0.7073371468908689,0.10613754384386964,0.9978177458033572,0.004846149884142326
voter,rho_4,4,400,0.20000000000000001,1000404,4,5000,0.06465399714211797,1.0,3750,0.7157291523985234,0.22421068070132882,0.9994544364508394,0.0025518449741198383
voter,rho_4,4,400,0.20000000000000001,1000405,5,5000,0.023143687213210574,1.0,3750,0.3677502798750267,0.23358383338046268,0.9984112709832135,0.0061901749773579946
voter,rho_4,4,400,0.20000000000000001,1000406,6,5000,0.05045456539686295,1.0,3750,0.7229751399718397,0.10617078903322538,0.9939148681055157,0.019113719662564865
voter,rho_4,4,400,0.20000000000000001,1000407,7,5000,0.021389958008689754,1.0,3750,0.7009559280143357,0.21376827660842876,0.9927438049560351,0.01201228852177233
voter,rho_4,4,400,0.20000000000000001,1000408,8,5000,0.018953023261181513,1.0,3750,0.6591319892802977,0.13259736113162862,0.9938988808952838,0.010777228207119861
voter,rho_4,4,400,0.20000000000000001,1000409,9,5000,0.07008587421228604,1.0,3750,0.7652461367075585,0.1535702219526897,0.9962609912070344,0.003558580938813133
voter,rho_4,4,400,0.20000000000000001,1000410,10,5000,0.03982995880524529,1.0,3750,0.6068479754952169,0.17921353619408595,0.9997881694644284,0.0016771528413165953
voter,rho_4,4,400,0.20000000000000001,1000411,11,5000,0.03291717125468569,1.0,3750,0.5697236115564768,0.20644343101473822,0.9967585931254995,0.007491326992931796
voter,rho_4,4,400,0.20000000000000001,1000412,12,5000,0.046522391865371666,1.0,3750,0.5684623648208138,0.21582366941243297,0.9968385291766587,0.004641107024774979
voter,rho_4,4,400,0.20000000000000001,1000413,13,5000,0.033783119840554515,1.0,3750,0.45824132319496996,0.16420095123081765,0.9953856914468425,0.0147922639998793
voter,rho_4,4,400,0.20000000000000001,1000414,14,5000,0.10604510565211879,1.0,3750,0.5229489767718052,0.17925278116509283,0.9978537170263789,0.00263897950018941
voter,rho_4,4,400,0.20000000000000001,1000415,15,5000,0.03120436232667626,1.0,3750,0.6472084894466488,0.1300752867344927,0.9960091926458833,0.013066335833812026
voter,rho_4,4,400,0.20000000000000001,1000416,16,5000,0.03934671489579154,1.0,3750,0.7351079529671509,0.10502513609254761,0.9980935251798562,0.003186584783917938
voter,rho_4,4,400,0.20000000000000001,1000417,17,5000,0.034350207358630896,1.0,3750,0.7095271528966671,0.17663521170408997,0.9945383693045564,0.007068363121185447
voter,rho_4,4,400,0.20000000000000001,1000418,18,5000,0.04709586009847437,1.0,3750,0.7481206344129799,0.097747079160758,0.9983992805755395,0.0032668195227436377
voter,rho_4,4,400,0.20000000000000001,1000419,19,5000,0.08447658245277292,1.0,3750,0.7403410668747988,0.10859004410488186,0.9997222222222222,0.00562516344711266
voter,rho_8,8,800,0,1030000,0,5000,0.045438677475456754,1.0,3750,0.9999999999999908,0.0,1.0,0.0
voter,rho_8,8,800,0,1030001,1,5000,0.018694677453109324,1.0,3750,1.0000000000000029,0.0,1.0,0.0
voter,rho_8,8,800,0,1030002,2,5000,0.03572349983800188,1.0,3750,1.00000000000001,0.0,1.0,0.0
voter,rho_8,8,800,0,1030003,3,5000,0.024473295863091528,1.0,3750,0.9999999999999928,0.0,1.0,0.0
voter,rho_8,8,800,0,1030004,4,5000,0.034151862039365544,1.0,3750,0.9999999999999883,0.0,1.0,0.0
voter,rho_8,8,800,0,1030005,5,5000,0.029719624261833815,1.0,3750,0.9999999999999862,0.0,1.0,0.0
voter,rho_8,8,800,0,1030006,6,5000,0.04134330466006146,1.0,3750,0.8464974660980983,0.22654516308009245,0.999996003197442,0.0001116872130680947
voter,rho_8,8,800,0,1030007,7,5000,0.0513696755051336,1.0,3750,1.0000000000000142,0.0,1.0,0.0
voter,rho_8,8,800,0,1030008,8,5000,0.022194889303615815,1.0,3750,0.9999999999999978,0.0,1.0,0.0
voter,rho_8,8,800,0,1030009,9,5000,0.022958561737775048,1.0,3750,1.0000000000000007,0.0,1.0,0.0
voter,rho_8,8,800,0,1030010,10,5000,0.009690281701725156,1.0,3750,1.0000000000000127,0.0,1.0,0.0
voter,rho_8,8,800,0,1030011,11,5000,0.018028700538109975,1.0,3750,0.9999999999999843,0.0,1.0,0.0
voter,rho_8,8,800,0,1030012,12,5000,0.027654297480306962,1.0,3750,0.9999999999999938,0.0,1.0,0.0
voter,rho_8,8,800,0,1030013,13,5000,0.04514200529573301,1.0,3750,0.9999999999999982,0.0,1.0,0.0
voter,rho_8,8,800,0,1030014,14,5000,0.007898243103203396,1.0,3750,1.000000000000003,0.0,1.0,0.0
voter,rho_8,8,800,0,1030015,15,5000,0.030774197131822785,1.0,3750,0.9999999999999937,0.0,1.0,0.0
voter,rho_8,8,800,0,1030016,16,5000,0.015745751554170184,1.0,3750,0.9999999999999875,0.0,1.0,0.0
voter,rho_8,8,800,0,1030017,17,5000,0.037901880051867634,1.0,3750,1.0000000000000135,0.0,0.9949999999999999,0.0
voter,rho_8,8,800,0,1030018,18,5000,0.037687063770302995,1.0,3750,0.9999999999999883,0.0,1.0,0.0
voter,rho_8,8,800,0,1030019,19,5000,0.020803471281955244,1.0,3750,0.9524731854456467,0.12301943954047231,1.0,0.0
voter,rho_8,8,800,0.050000000000000003,1030100,0,5000,0.03924265765538142,1.0,3750,0.9415926233694951,0.038367033476545805,0.9999940047961631,8.636007368637665e-05
voter,rho_8,8,800,0.050000000000000003,1030101,1,5000,0.02106567814317999,1.0,3750,0.9538569394095132,0.015481503218474335,1.0,0.0
voter,rho_8,8,800,0.050000000000000003,1030102,2,5000,0.030556525025777853,1.0,3750,0.9686060630983978,0.01370003167243457,0.9999990007993604,3.5327077397408695e-05
voter,rho_8,8,800,0.050000000000000003,1030103,3,5000,0.020154123302740894,1.0,3750,0.9312566110153437,0.06246936249662982,0.9994154676258993,0.0013602640576395103
voter,rho_8,8,800,0.050000000000000003,1030104,4,5000,0.013748851713973553,1.0,3750,0.9731200619329581,0.012358101461904468,1.0,0.0
voter,rho_8,8,800,0.050000000000000003,1030105,5,5000,0.059461947926290754,1.0,3750,0.9491457213338281,0.0530360564816978,0.999998001598721,4.9940043963227555e-05
voter,rho_8,8,800,0.050000000000000003,1030106,6,5000,0.02300907698329798,1.0,3750,0.9461732831514262,0.025420986645001968,1.0,0.0
voter,rho_8,8,800,0.050000000000000003,1030107,7,5000,0.026525418952318223,1.0,3750,0.9736472463680557,0.00631232172148747,0.999998001598721,4.9940043963227555e-05
voter,rho_8,8,800,0.050000000000000003,1030108,8,5000,0.019397434174071505,1.0,3750,0.923986431603492,0.032607096500838935,1.0,0.0
voter,rho_8,8,800,0.050000000000000003,1030109,9,5000,0.0388231629467972,1.0,3750,0.9326850340337616,0.020295169333057233,1.0,0.0
voter,rho_8,8,800,0.050000000000000003,1030110,10,5000,0.00365133331216233,1.0,3750,0.9561291802010328,0.024344860995709188,1.0,0.0
voter,rho_8,8,800,0.050000000000000003,1030111,11,5000,0.006406356102022597,1.0,3750,0.9395983748878078,0.02067861246470686,1.0,0.0
voter,rho_8,8,800,0.050000000000000003,1030112,12,5000,0.0402566635652465,1.0,3750,0.933166933940392,0.030325363424300058,1.0,0.0
voter,rho_8,8,800,0.050000000000000003,1030113,13,5000,0.006507849932278521,1.0,3750,0.9472770091355466,0.016233048804455773,0.996037170263789,0.006197595430075712
voter,rho_8,8,800,0.050000000000000003,1030114,14,5000,0.059325173051415894,1.0,3750,0.8706768906004466,0.0799600386375919,1.0,0.0
voter,rho_8,8,800,0.050000000000000003,1030115,15,5000,0.013721807236592713,1.0,3750,0.8903548728282722,0.05854844290906936,0.9993445243804957,0.002474895534619452
voter,rho_8,8,800,0.050000000000000003,1030116,16,5000,0.013162053658408796,1.0,3750,0.9716103472664734,0.012736572670014105,1.0,0.0
voter,rho_8,8,800,0.050000000000000003,1030117,17,5000,0.014839484488551683,1.0,3750,0.9409182357277891,0.03438550560569768,1.0,0.0
voter,rho_8,8,800,0.050000000000000003,1030118,18,5000,0.03227041238660759,1.0,3750,0.9355976368234392,0.03950817729380981,1.0,0.0
voter,rho_8,8,800,0.050000000000000003,1030119,19,5000,0.03757962081531438,1.0,3750,0.968995290181382,0.01595532952272272,0.9996153077537969,0.0015021113189375248
voter,rho_8,8,800,0.10000000000000001,1030200,0,5000,0.0247614485766018,1.0,3750,0.691358209908857,0.0859580527606007,1.0,0.0
voter,rho_8,8,800,0.10000000000000001,1030201,1,5000,0.06328549611289616,1.0,3750,0.8723937029334804,0.046116304637303596,0.9999680255795363,0.00039855957993022926
voter,rho_8,8,800,0.10000000000000001,1030202,2,5000,0.011770763344514566,1.0,3750,0.8109113827708173,0.07469452938642943,1.0,0.0
voter,rho_8,8,800,0.10000000000000001,1030203,3,5000,0.028132670345529683,1.0,3750,0.7448975393022638,0.19867148830431444,0.9993045563549161,0.0011202532076375195
voter,rho_8,8,800,0.10000000000000001,1030204,4,5000,0.03018347674250252,1.0,3750,0.9027488719391662,0.02705633773715419,1.0,0.0
voter,rho_8,8,800,0.10000000000000001,1030205,5,5000,0.03291437481086776,1.0,3750,0.6967967376484506,0.174831312171474,0.9999970023980814,6.113932270494816e-05
voter,rho_8,8,800,0.10000000000000001,1030206,6,5000,0.02993636804450457,1.0,3750,0.7915400735260928,0.1175583597723458,1.0,0.0
voter,rho_8,8,800,0.10000000000000001,1030207,7,5000,0.012371300229228483,1.0,3750,0.8250135063780627,0.08985809980199579,0.9997761790567546,0.0010339288667948864
voter,rho_8,8,800,0.10000000000000001,1030208,8,5000,0.02480247013296661,1.0,3750,0.8546428010372595,0.07381775531267572,1.0,0.0
voter,rho_8,8,800,0.10000000000000001,1030209,9,5000,0.02836532262132916,1.0,3750,0.8065676124183656,0.09541969737715982,1.0,0.0
voter,rho_8,8,800,0.10000000000000001,1030210,10,5000,0.03335142646028045,1.0,3750,0.8040486655944503,0.10043318984825686,0.9999850119904077,0.00016125872489583512
voter,rho_8,8,800,0.10000000000000001,1030211,11,5000,0.031955560961530044,1.0,3750,0.7916896219862603,0.06883617213769042,1.0,0.0
voter,rho_8,8,800,0.10000000000000001,1030212,12,5000,0.0360017998698366,1.0,3750,0.8101508425815218,0.09424187630328394,0.9992605915267786,0.0023570941889122323
voter,rho_8,8,800,0.10000000000000001,1030213,13,5000,0.012454859377763748,1.0,3750,0.7329499568082598,0.1092679775089353,0.9998960831334931,0.0004989924359370439
voter,rho_8,8,800,0.10000000000000001,1030214,14,5000,0.014998410770135653,1.0,3750,0.5766103815321586,0.2530108984861738,0.9999990007993604,3.5327077397408695e-05
voter,rho_8,8,800,0.10000000000000001,1030215,15,5000,0.04964004841582355,1.0,3750,0.6317822367500574,0.20765636742517668,0.997681854516387,0.003434016380743538
voter,rho_8,8,800,0.10000000000000001,1030216,16,5000,0.017005789503179686,1.0,3750,0.5783323938532424,0.17940356531246582,1.0,0.0
voter,rho_8,8,800,0.10000000000000001,1030217,17,5000,0.018156541003281297,1.0,3750,0.8139154035660155,0.06919679711249688,0.9998111510791368,0.0008200728859840354
voter,rho_8,8,800,0.10000000000000001,1030218,18,5000,0.01714886256186549,1.0,3750,0.8034011852264937,0.07747885522518475,0.9986590727418065,0.001510347873486511
voter,rho_8,8,800,0.10000000000000001,1030219,19,5000,0.050333542947479666,1.0,3750,0.8277048583890654,0.06750179062023991,1.0,0.0
voter,rho_8,8,800,0.14999999999999999,1030300,0,5000,0.059105817437467595,1.0,3750,0.6678427693099079,0.11730832353808537,0.999388489208633,0.0016381723074439872
voter,rho_8,8,800,0.14999999999999999,1030301,1,5000,0.01862493260030288,1.0,3750,0.5922739430239957,0.16611904060566693,1.0,0.0
voter,rho_8,8,800,0.14999999999999999,1030302,2,5000,0.034448525678371804,1.0,3750,0.46083121278462064,0.16176784463467467,0.9996213029576339,0.002600925214489295
voter,rho_8,8,800,0.14999999999999999,1030303,3,5000,0.026742041000270875,1.0,3750,0.42055112743066386,0.13586025892558692,0.9995563549160671,0.0030241866706139037
voter,rho_8,8,800,0.14999999999999999,1030304,4,5000,0.02600414594853693,1.0,3750,0.6967468529718891,0.10243370322628319,0.9999990007993604,3.5327077397408695e-05
voter,rho_8,8,800,0.14999999999999999,1030305,5,5000,0.03173436878452693,1.0,3750,0.7489234897266344,0.0729498422870302,1.0,0.0
voter,rho_8,8,800,0.14999999999999999,1030306,6,5000,0.01779933585545645,1.0,3750,0.6922913517729323,0.101118529215424,0.9998611111111112,0.000571561980861269
voter,rho_8,8,800,0.14999999999999999,1030307,7,5000,0.006513931022746883,1.0,3750,0.6991311892555272,0.12212246704205662,0.999390487609912,0.0015186679558607393
voter,rho_8,8,800,0.14999999999999999,1030308,8,5000,0.07248099524512658,1.0,3750,0.7178414442353505,0.14892638506856265,0.9999800159872102,0.000637789071578013
voter,rho_8,8,800,0.14999999999999999,1030309,9,5000,0.019394439082174336,1.0,3750,0.8087055524616484,0.06340233095921959,0.9999990007993604,3.5327077397408695e-05
voter,rho_8,8,800,0.14999999999999999,1030310,10,5000,0.016537477637600575,1.0,3750,0.6514884664396784,0.09560777589848049,0.9996352917665867,0.0014479137858792112
voter,rho_8,8,800,0.14999999999999999,1030311,11,5000,0.05080881039526082,1.0,3750,0.5617433085266125,0.23223414120450508,0.9999990007993604,3.5327077397408695e-05
voter,rho_8,8,800,0.14999999999999999,1030312,12,5000,0.016996042516589236,1.0,3750,0.4378537449498755,0.17658601263268,0.9997841726618705,0.0008733676649049702
voter,rho_8,8,800,0.14999999999999999,1030313,13,5000,0.023176620202930383,1.0,3750,0.7063435814115291,0.14163581099602146,0.9999990007993604,3.5327077397408695e-05
voter,rho_8,8,800,0.14999999999999999,1030314,14,5000,0.052809701618970924,1.0,3750,0.4888902090178619,0.21090597330110103,0.9993954836131096,0.002500103432299044
voter,rho_8,8,800,0.14999999999999999,1030315,15,5000,0.023286822020820597,1.0,3750,0.533526461473047,0.1284591092668777,1.0,0.0
voter,rho_8,8,800,0.14999999999999999,1030316,16,5000,0.026278325993761613,1.0,3750,0.5270009840920076,0.11027694077801373,0.9999970023980814,6.113932270494816e-05
voter,rho_8,8,800,0.14999999999999999,1030317,17,5000,0.04132647651449919,1.0,3750,0.7657698710122839,0.08838684690253937,1.0,0.0
voter,rho_8,8,800,0.14999999999999999,1030318,18,5000,0.02476199801676318,1.0,3750,0.519107341430226,0.21570640724197912,0.9999890087929656,0.00016158035200635376
voter,rho_8,8,800,0.14999999999999999,1030319,19,5000,0.013702700415767245,1.0,3750,0.8415884134070163,0.056925627403724505,1.0,0.0
voter,rho_8,8,800,0.20000000000000001,1030400,0,5000,0.03863649723381992,1.0,3750,0.5080739413989094,0.2164729144048057,0.9996972422062349,0.001219968741200201
voter,rho_8,8,800,0.20000000000000001,1030401,1,5000,0.030120949011160917,1.0,3750,0.6786959143459952,0.13259090699224002,1.0,0.0
voter,rho_8,8,800,0.20000000000000001,1030402,2,5000,0.039529761203977005,1.0,3750,0.6108086257957205,0.15413620847502751,0.9995043964828139,0.0031090911047246036
voter,rho_8,8,800,0.20000000000000001,1030403,3,5000,0.022814604036573972,1.0,3750,0.45413412314154306,0.14018716660301012,0.9999990007993604,3.5327077397408695e-05
voter,rho_8,8,800,0.20000000000000001,1030404,4,5000,0.029316796357265446,1.0,3750,0.3355180315099117,0.12288541962081977,0.9999230615507594,0.0004556968419016013
voter,rho_8,8,800,0.20000000000000001,1030405,5,5000,0.026579835993574212,1.0,3750,0.48842746571658885,0.10505022932093706,0.9992785771382894,0.0022085584686481158
voter,rho_8,8,800,0.20000000000000001,1030406,6,5000,0.022171038974128997,1.0,3750,0.6138234752408505,0.157232432173354,0.9999990007993604,3.5327077397408695e-05
voter,rho_8,8,800,0.20000000000000001,1030407,7,5000,0.05531052523894507,1.0,3750,0.5796226543978196,0.0758187678363427,0.9993355315747402,0.001920658052678289
voter,rho_8,8,800,0.20000000000000001,1030408,8,5000,0.013821129843262968,1.0,3750,0.538303735427543,0.17804000583807175,0.999914068745004,0.000540718051540115
voter,rho_8,8,800,0.20000000000000001,1030409,9,5000,0.04356554076315445,1.0,3750,0.5453518850429913,0.1420083207825453,0.9985531574740208,0.002640434529916754
voter,rho_8,8,800,0.20000000000000001,1030410,10,5000,0.004444956969646882,1.0,3750,0.34213438718117395,0.11378067877290159,0.9997741806554756,0.0007523377024466184
voter,rho_8,8,800,0.20000000000000001,1030411,11,5000,0.006060041765393914,1.0,3750,0.4093298592368434,0.1679427867547518,0.9999990007993604,3.5327077397408695e-05
voter,rho_8,8,800,0.20000000000000001,1030412,12,5000,0.05316598055485641,1.0,3750,0.5650667084267411,0.1458994180578195,0.999996003197442,7.056931887693524e-05
voter,rho_8,8,800,0.20000000000000001,1030413,13,5000,0.026108816150922344,1.0,3750,0.24981082077860622,0.1319276018879052,0.9996772581934453,0.001333447385890439
voter,rho_8,8,800,0.20000000000000001,1030414,14,5000,0.023646643823813825,1.0,3750,0.5636039537848234,0.1362917151370147,0.9992096322941647,0.0018209657908799524
voter,rho_8,8,800,0.20000000000000001,1030415,15,5000,0.022798376996052708,1.0,3750,0.5422597368768297,0.15708698566054513,0.9999710231814547,0.00026049066768662923
voter,rho_8,8,800,0.20000000000000001,1030416,16,5000,0.0034233998865567873,1.0,3750,0.41768515607036205,0.13740269088711357,0.9993235411670663,0.0016988168197996248
voter,rho_8,8,800,0.20000000000000001,1030417,17,5000,0.04257027041005143,1.0,3750,0.6948464389105514,0.11836684468115091,0.9999910071942446,0.00010564154788192878
voter,rho_8,8,800,0.20000000000000001,1030418,18,5000,0.03534976814670419,1.0,3750,0.5702876706812362,0.1301051247508603,0.999484412470024,0.0017004833194467336
voter,rho_8,8,800,0.20000000000000001,1030419,19,5000,0.03398800749899941,1.0,3750,0.6286042486620046,0.13427937245818336,0.9983992805755395,0.002917419820883749
