model,rho_nominal,rho_label,N,eta,eta_index,steps,base_seed,realization,returncode,elapsed_s
voter,8.0,rho_2,800,0.0,4,5000,970000,0,0,1.8502
voter,8.0,rho_2,800,0.0,4,5000,970001,1,0,1.8568
voter,8.0,rho_2,800,0.0,4,5000,970002,2,0,1.8511
voter,8.0,rho_2,800,0.0,4,5000,970003,3,0,1.8404
voter,8.0,rho_2,800,0.0,4,5000,970004,4,0,1.8587
voter,8.0,rho_2,800,0.0,4,5000,970005,5,0,1.8465
voter,8.0,rho_2,800,0.0,4,5000,970006,6,0,1.9437
voter,8.0,rho_2,800,0.0,4,5000,970007,7,0,1.9214
voter,8.0,rho_2,800,0.0,4,5000,970008,8,0,2.0929
voter,8.0,rho_2,800,0.0,4,5000,970009,9,0,1.8614
voter,8.0,rho_2,800,0.0,4,5000,970010,10,0,1.9258
voter,8.0,rho_2,800,0.0,4,5000,970011,11,0,1.8764
voter,8.0,rho_2,800,0.0,4,5000,970012,12,0,1.851
voter,8.0,rho_2,800,0.0,4,5000,970013,13,0,1.8777
voter,8.0,rho_2,800,0.0,4,5000,970014,14,0,1.8994
voter,8.0,rho_2,800,0.0,4,5000,970015,15,0,1.922
voter,8.0,rho_2,800,0.0,4,5000,970016,16,0,1.8109
voter,8.0,rho_2,800,0.0,4,5000,970017,17,0,2.0655
voter,8.0,rho_2,800,0.0,4,5000,970018,18,0,1.9048
voter,8.0,rho_2,800,0.0,4,5000,970019,19,0,1.8881
voter,8.0,rho_2,800,0.05,4,5000,970100,0,0,2.0758
voter,8.0,rho_2,800,0.05,4,5000,970101,1,0,1.859
voter,8.0,rho_2,800,0.05,4,5000,970102,2,0,2.183
voter,8.0,rho_2,800,0.05,4,5000,970103,3,0,2.0564
voter,8.0,rho_2,800,0.05,4,5000,970104,4,0,1.9309
voter,8.0,rho_2,800,0.05,4,5000,970105,5,0,2.029
voter,8.0,rho_2,800,0.05,4,5000,970106,6,0,2.1428
voter,8.0,rho_2,800,0.05,4,5000,970107,7,0,1.9406
voter,8.0,rho_2,800,0.05,4,5000,970108,8,0,2.0822
voter,8.0,rho_2,800,0.05,4,5000,970109,9,0,1.9868
voter,8.0,rho_2,800,0.05,4,5000,970110,10,0,1.9122
voter,8.0,rho_2,800,0.05,4,5000,970111,11,0,2.2128
voter,8.0,rho_2,800,0.05,4,5000,970112,12,0,1.9261
voter,8.0,rho_2,800,0.05,4,5000,970113,13,0,1.8447
voter,8.0,rho_2,800,0.05,4,5000,970114,14,0,1.9496
voter,8.0,rho_2,800,0.05,4,5000,970115,15,0,2.0074
voter,8.0,rho_2,800,0.05,4,5000,970116,16,0,2.1758
voter,8.0,rho_2,800,0.05,4,5000,970117,17,0,2.0082
voter,8.0,rho_2,800,0.05,4,5000,970118,18,0,1.9739
voter,8.0,rho_2,800,0.05,4,5000,970119,19,0,2.0174
voter,8.0,rho_2,800,0.1,4,5000,970200,0,0,2.2273
voter,8.0,rho_2,800,0.1,4,5000,970201,1,0,2.0186
voter,8.0,rho_2,800,0.1,4,5000,970202,2,0,2.1094
voter,8.0,rho_2,800,0.1,4,5000,970203,3,0,2.1756
voter,8.0,rho_2,800,0.1,4,5000,970204,4,0,2.2567
voter,8.0,rho_2,800,0.1,4,5000,970205,5,0,2.1211
voter,8.0,rho_2,800,0.1,4,5000,970206,6,0,2.3723
voter,8.0,rho_2,800,0.1,4,5000,970207,7,0,1.999
voter,8.0,rho_2,800,0.1,4,5000,970208,8,0,2.2646
voter,8.0,rho_2,800,0.1,4,5000,970209,9,0,2.2556
voter,8.0,rho_2,800,0.1,4,5000,970210,10,0,2.1107
voter,8.0,rho_2,800,0.1,4,5000,970211,11,0,2.1952
voter,8.0,rho_2,800,0.1,4,5000,970212,12,0,2.5144
voter,8.0,rho_2,800,0.1,4,5000,970213,13,0,2.2659
voter,8.0,rho_2,800,0.1,4,5000,970214,14,0,2.2561
voter,8.0,rho_2,800,0.1,4,5000,970215,15,0,2.123
voter,8.0,rho_2,800,0.1,4,5000,970216,16,0,2.0849
voter,8.0,rho_2,800,0.1,4,5000,970217,17,0,1.9919
voter,8.0,rho_2,800,0.1,4,5000,970218,18,0,2.0408
voter,8.0,rho_2,800,0.1,4,5000,970219,19,0,2.0296
voter,8.0,rho_2,800,0.15,4,5000,970300,0,0,2.0583
voter,8.0,rho_2,800,0.15,4,5000,970301,1,0,2.0501
voter,8.0,rho_2,800,0.15,4,5000,970302,2,0,2.0467
voter,8.0,rho_2,800,0.15,4,5000,970303,3,0,2.0228
voter,8.0,rho_2,800,0.15,4,5000,970304,4,0,2.0639
voter,8.0,rho_2,800,0.15,4,5000,970305,5,0,2.1267
voter,8.0,rho_2,800,0.15,4,5000,970306,6,0,2.0116
voter,8.0,rho_2,800,0.15,4,5000,970307,7,0,2.1273
voter,8.0,rho_2,800,0.15,4,5000,970308,8,0,2.244
voter,8.0,rho_2,800,0.15,4,5000,970309,9,0,2.1977
voter,8.0,rho_2,800,0.15,4,5000,970310,10,0,2.1087
voter,8.0,rho_2,800,0.15,4,5000,970311,11,0,2.1322
voter,8.0,rho_2,800,0.15,4,5000,970312,12,0,2.3009
voter,8.0,rho_2,800,0.15,4,5000,970313,13,0,2.1426
voter,8.0,rho_2,800,0.15,4,5000,970314,14,0,2.0804
voter,8.0,rho_2,800,0.15,4,5000,970315,15,0,2.3753
voter,8.0,rho_2,800,0.15,4,5000,970316,16,0,2.2832
voter,8.0,rho_2,800,0.15,4,5000,970317,17,0,2.1223
voter,8.0,rho_2,800,0.15,4,5000,970318,18,0,2.0824
voter,8.0,rho_2,800,0.15,4,5000,970319,19,0,2.0967
voter,8.0,rho_2,800,0.2,4,5000,970400,0,0,2.2967
voter,8.0,rho_2,800,0.2,4,5000,970401,1,0,2.1361
voter,8.0,rho_2,800,0.2,4,5000,970402,2,0,2.0916
voter,8.0,rho_2,800,0.2,4,5000,970403,3,0,2.4755
voter,8.0,rho_2,800,0.2,4,5000,970404,4,0,2.1951
voter,8.0,rho_2,800,0.2,4,5000,970405,5,0,2.5009
voter,8.0,rho_2,800,0.2,4,5000,970406,6,0,2.4546
voter,8.0,rho_2,800,0.2,4,5000,970407,7,0,2.1027
voter,8.0,rho_2,800,0.2,4,5000,970408,8,0,2.1855
voter,8.0,rho_2,800,0.2,4,5000,970409,9,0,2.2318
voter,8.0,rho_2,800,0.2,4,5000,970410,10,0,2.1638
voter,8.0,rho_2,800,0.2,4,5000,970411,11,0,2.182
voter,8.0,rho_2,800,0.2,4,5000,970412,12,0,2.3009
voter,8.0,rho_2,800,0.2,4,5000,970413,13,0,2.151
voter,8.0,rho_2,800,0.2,4,5000,970414,14,0,2.2519
voter,8.0,rho_2,800,0.2,4,5000,970415,15,0,2.1139
voter,8.0,rho_2,800,0.2,4,5000,970416,16,0,2.1881
voter,8.0,rho_2,800,0.2,4,5000,970417,17,0,2.3362
voter,8.0,rho_2,800,0.2,4,5000,970418,18,0,2.1038
voter,8.0,rho_2,800,0.2,4,5000,970419,19,0,2.462
voter,8.0,rho_4,800,0.0,4,5000,1000000,0,0,4.861
voter,8.0,rho_4,800,0.0,4,5000,1000001,1,0,5.2925
voter,8.0,rho_4,800,0.0,4,5000,1000002,2,0,4.4974
voter,8.0,rho_4,800,0.0,4,5000,1000003,3,0,4.6742
voter,8.0,rho_4,800,0.0,4,5000,1000004,4,0,4.5609
voter,8.0,rho_4,800,0.0,4,5000,1000005,5,0,5.2386
voter,8.0,rho_4,800,0.0,4,5000,1000006,6,0,4.5471
voter,8.0,rho_4,800,0.0,4,5000,1000007,7,0,4.5926
voter,8.0,rho_4,800,0.0,4,5000,1000008,8,0,4.5398
voter,8.0,rho_4,800,0.0,4,5000,1000009,9,0,5.4038
voter,8.0,rho_4,800,0.0,4,5000,1000010,10,0,4.1439
voter,8.0,rho_4,800,0.0,4,5000,1000011,11,0,5.0764
voter,8.0,rho_4,800,0.0,4,5000,1000012,12,0,4.7964
voter,8.0,rho_4,800,0.0,4,5000,1000013,13,0,5.2048
voter,8.0,rho_4,800,0.0,4,5000,1000014,14,0,4.6282
voter,8.0,rho_4,800,0.0,4,5000,1000015,15,0,5.2986
voter,8.0,rho_4,800,0.0,4,5000,1000016,16,0,4.6326
voter,8.0,rho_4,800,0.0,4,5000,1000017,17,0,4.3451
voter,8.0,rho_4,800,0.0,4,5000,1000018,18,0,4.1375
voter,8.0,rho_4,800,0.0,4,5000,1000019,19,0,4.6667
voter,8.0,rho_4,800,0.05,4,5000,1000100,0,0,4.8421
voter,8.0,rho_4,800,0.05,4,5000,1000101,1,0,4.6878
voter,8.0,rho_4,800,0.05,4,5000,1000102,2,0,4.5221
voter,8.0,rho_4,800,0.05,4,5000,1000103,3,0,5.084
voter,8.0,rho_4,800,0.05,4,5000,1000104,4,0,4.8118
voter,8.0,rho_4,800,0.05,4,5000,1000105,5,0,5.4515
voter,8.0,rho_4,800,0.05,4,5000,1000106,6,0,5.0148
voter,8.0,rho_4,800,0.05,4,5000,1000107,7,0,7.3494
voter,8.0,rho_4,800,0.05,4,5000,1000108,8,0,4.8584
voter,8.0,rho_4,800,0.05,4,5000,1000109,9,0,5.0829
voter,8.0,rho_4,800,0.05,4,5000,1000110,10,0,4.8396
voter,8.0,rho_4,800,0.05,4,5000,1000111,11,0,4.5219
voter,8.0,rho_4,800,0.05,4,5000,1000112,12,0,4.8219
voter,8.0,rho_4,800,0.05,4,5000,1000113,13,0,4.8165
voter,8.0,rho_4,800,0.05,4,5000,1000114,14,0,4.819
voter,8.0,rho_4,800,0.05,4,5000,1000115,15,0,5.004
voter,8.0,rho_4,800,0.05,4,5000,1000116,16,0,4.8104
voter,8.0,rho_4,800,0.05,4,5000,1000117,17,0,4.917
voter,8.0,rho_4,800,0.05,4,5000,1000118,18,0,4.6003
voter,8.0,rho_4,800,0.05,4,5000,1000119,19,0,4.8901
voter,8.0,rho_4,800,0.1,4,5000,1000200,0,0,5.6305
voter,8.0,rho_4,800,0.1,4,5000,1000201,1,0,4.85
voter,8.0,rho_4,800,0.1,4,5000,1000202,2,0,5.4002
voter,8.0,rho_4,800,0.1,4,5000,1000203,3,0,5.0442
voter,8.0,rho_4,800,0.1,4,5000,1000204,4,0,5.74
voter,8.0,rho_4,800,0.1,4,5000,1000205,5,0,5.3412
voter,8.0,rho_4,800,0.1,4,5000,1000206,6,0,5.1567
voter,8.0,rho_4,800,0.1,4,5000,1000207,7,0,5.8181
voter,8.0,rho_4,800,0.1,4,5000,1000208,8,0,5.4497
voter,8.0,rho_4,800,0.1,4,5000,1000209,9,0,5.0694
voter,8.0,rho_4,800,0.1,4,5000,1000210,10,0,4.9135
voter,8.0,rho_4,800,0.1,4,5000,1000211,11,0,5.2439
voter,8.0,rho_4,800,0.1,4,5000,1000212,12,0,5.0911
voter,8.0,rho_4,800,0.1,4,5000,1000213,13,0,5.5047
voter,8.0,rho_4,800,0.1,4,5000,1000214,14,0,5.1981
voter,8.0,rho_4,800,0.1,4,5000,1000215,15,0,5.2083
voter,8.0,rho_4,800,0.1,4,5000,1000216,16,0,4.8614
voter,8.0,rho_4,800,0.1,4,5000,1000217,17,0,5.0301
voter,8.0,rho_4,800,0.1,4,5000,1000218,18,0,5.1895
voter,8.0,rho_4,800,0.1,4,5000,1000219,19,0,5.4848
voter,8.0,rho_4,800,0.15,4,5000,1000300,0,0,5.7951
voter,8.0,rho_4,800,0.15,4,5000,1000301,1,0,6.1102
voter,8.0,rho_4,800,0.15,4,5000,1000302,2,0,5.2626
voter,8.0,rho_4,800,0.15,4,5000,1000303,3,0,5.2812
voter,8.0,rho_4,800,0.15,4,5000,1000304,4,0,4.813
voter,8.0,rho_4,800,0.15,4,5000,1000305,5,0,5.0074
voter,8.0,rho_4,800,0.15,4,5000,1000306,6,0,5.6383
voter,8.0,rho_4,800,0.15,4,5000,1000307,7,0,5.1972
voter,8.0,rho_4,800,0.15,4,5000,1000308,8,0,6.2048
voter,8.0,rho_4,800,0.15,4,5000,1000309,9,0,5.2653
voter,8.0,rho_4,800,0.15,4,5000,1000310,10,0,5.306
voter,8.0,rho_4,800,0.15,4,5000,1000311,11,0,5.3771
voter,8.0,rho_4,800,0.15,4,5000,1000312,12,0,5.4123
voter,8.0,rho_4,800,0.15,4,5000,1000313,13,0,4.9816
voter,8.0,rho_4,800,0.15,4,5000,1000314,14,0,5.9827
voter,8.0,rho_4,800,0.15,4,5000,1000315,15,0,5.2221
voter,8.0,rho_4,800,0.15,4,5000,1000316,16,0,5.6839
voter,8.0,rho_4,800,0.15,4,5000,1000317,17,0,5.2692
voter,8.0,rho_4,800,0.15,4,5000,1000318,18,0,5.6865
voter,8.0,rho_4,800,0.15,4,5000,1000319,19,0,5.2201
voter,8.0,rho_4,800,0.2,4,5000,1000400,0,0,5.2485
voter,8.0,rho_4,800,0.2,4,5000,1000401,1,0,5.1439
voter,8.0,rho_4,800,0.2,4,5000,1000402,2,0,5.7421
voter,8.0,rho_4,800,0.2,4,5000,1000403,3,0,5.0843
voter,8.0,rho_4,800,0.2,4,5000,1000404,4,0,5.1166
voter,8.0,rho_4,800,0.2,4,5000,1000405,5,0,5.3022
voter,8.0,rho_4,800,0.2,4,5000,1000406,6,0,5.8009
voter,8.0,rho_4,800,0.2,4,5000,1000407,7,0,5.5793
voter,8.0,rho_4,800,0.2,4,5000,1000408,8,0,5.5376
voter,8.0,rho_4,800,0.2,4,5000,1000409,9,0,5.8515
voter,8.0,rho_4,800,0.2,4,5000,1000410,10,0,5.3658
voter,8.0,rho_4,800,0.2,4,5000,1000411,11,0,5.3752
voter,8.0,rho_4,800,0.2,4,5000,1000412,12,0,5.5068
voter,8.0,rho_4,800,0.2,4,5000,1000413,13,0,6.8783
voter,8.0,rho_4,800,0.2,4,5000,1000414,14,0,5.7915
voter,8.0,rho_4,800,0.2,4,5000,1000415,15,0,5.3726
voter,8.0,rho_4,800,0.2,4,5000,1000416,16,0,5.6775
voter,8.0,rho_4,800,0.2,4,5000,1000417,17,0,6.1392
voter,8.0,rho_4,800,0.2,4,5000,1000418,18,0,6.0721
voter,8.0,rho_4,800,0.2,4,5000,1000419,19,0,5.4503
voter,8.0,rho_8,800,0.0,4,5000,1030000,0,0,13.9881
voter,8.0,rho_8,800,0.0,4,5000,1030001,1,0,11.7623
voter,8.0,rho_8,800,0.0,4,5000,1030002,2,0,14.7617
voter,8.0,rho_8,800,0.0,4,5000,1030003,3,0,14.5102
voter,8.0,rho_8,800,0.0,4,5000,1030004,4,0,14.58
voter,8.0,rho_8,800,0.0,4,5000,1030005,5,0,12.6012
voter,8.0,rho_8,800,0.0,4,5000,1030006,6,0,15.6195
voter,8.0,rho_8,800,0.0,4,5000,1030007,7,0,16.5357
voter,8.0,rho_8,800,0.0,4,5000,1030008,8,0,13.2898
voter,8.0,rho_8,800,0.0,4,5000,1030009,9,0,14.1411
voter,8.0,rho_8,800,0.0,4,5000,1030010,10,0,13.301
voter,8.0,rho_8,800,0.0,4,5000,1030011,11,0,12.3511
voter,8.0,rho_8,800,0.0,4,5000,1030012,12,0,12.4402
voter,8.0,rho_8,800,0.0,4,5000,1030013,13,0,15.356
voter,8.0,rho_8,800,0.0,4,5000,1030014,14,0,12.9465
voter,8.0,rho_8,800,0.0,4,5000,1030015,15,0,13.6459
voter,8.0,rho_8,800,0.0,4,5000,1030016,16,0,13.5793
voter,8.0,rho_8,800,0.0,4,5000,1030017,17,0,16.9434
voter,8.0,rho_8,800,0.0,4,5000,1030018,18,0,17.9131
voter,8.0,rho_8,800,0.0,4,5000,1030019,19,0,15.4196
voter,8.0,rho_8,800,0.05,4,5000,1030100,0,0,12.8653
voter,8.0,rho_8,800,0.05,4,5000,1030101,1,0,14.8443
voter,8.0,rho_8,800,0.05,4,5000,1030102,2,0,14.4281
voter,8.0,rho_8,800,0.05,4,5000,1030103,3,0,16.0382
voter,8.0,rho_8,800,0.05,4,5000,1030104,4,0,15.4476
voter,8.0,rho_8,800,0.05,4,5000,1030105,5,0,15.963
voter,8.0,rho_8,800,0.05,4,5000,1030106,6,0,15.0497
voter,8.0,rho_8,800,0.05,4,5000,1030107,7,0,16.6553
voter,8.0,rho_8,800,0.05,4,5000,1030108,8,0,15.2776
voter,8.0,rho_8,800,0.05,4,5000,1030109,9,0,16.9166
voter,8.0,rho_8,800,0.05,4,5000,1030110,10,0,14.1865
voter,8.0,rho_8,800,0.05,4,5000,1030111,11,0,17.5225
voter,8.0,rho_8,800,0.05,4,5000,1030112,12,0,14.8987
voter,8.0,rho_8,800,0.05,4,5000,1030113,13,0,17.9459
voter,8.0,rho_8,800,0.05,4,5000,1030114,14,0,16.6776
voter,8.0,rho_8,800,0.05,4,5000,1030115,15,0,16.4523
voter,8.0,rho_8,800,0.05,4,5000,1030116,16,0,15.3438
voter,8.0,rho_8,800,0.05,4,5000,1030117,17,0,16.5343
voter,8.0,rho_8,800,0.05,4,5000,1030118,18,0,14.4452
voter,8.0,rho_8,800,0.05,4,5000,1030119,19,0,15.3623
voter,8.0,rho_8,800,0.1,4,5000,1030200,0,0,14.7725
voter,8.0,rho_8,800,0.1,4,5000,1030201,1,0,16.3328
voter,8.0,rho_8,800,0.1,4,5000,1030202,2,0,15.1146
voter,8.0,rho_8,800,0.1,4,5000,1030203,3,0,16.7881
voter,8.0,rho_8,800,0.1,4,5000,1030204,4,0,15.1146
voter,8.0,rho_8,800,0.1,4,5000,1030205,5,0,15.3394
voter,8.0,rho_8,800,0.1,4,5000,1030206,6,0,16.2947
voter,8.0,rho_8,800,0.1,4,5000,1030207,7,0,17.402
voter,8.0,rho_8,800,0.1,4,5000,1030208,8,0,16.7064
voter,8.0,rho_8,800,0.1,4,5000,1030209,9,0,15.9502
voter,8.0,rho_8,800,0.1,4,5000,1030210,10,0,17.1703
voter,8.0,rho_8,800,0.1,4,5000,1030211,11,0,16.3874
voter,8.0,rho_8,800,0.1,4,5000,1030212,12,0,17.3167
voter,8.0,rho_8,800,0.1,4,5000,1030213,13,0,17.5663
voter,8.0,rho_8,800,0.1,4,5000,1030214,14,0,16.2253
voter,8.0,rho_8,800,0.1,4,5000,1030215,15,0,20.2519
voter,8.0,rho_8,800,0.1,4,5000,1030216,16,0,16.4557
voter,8.0,rho_8,800,0.1,4,5000,1030217,17,0,17.9316
voter,8.0,rho_8,800,0.1,4,5000,1030218,18,0,17.9132
voter,8.0,rho_8,800,0.1,4,5000,1030219,19,0,17.5094
voter,8.0,rho_8,800,0.15,4,5000,1030300,0,0,16.7061
voter,8.0,rho_8,800,0.15,4,5000,1030301,1,0,19.1138
voter,8.0,rho_8,800,0.15,4,5000,1030302,2,0,17.1577
voter,8.0,rho_8,800,0.15,4,5000,1030303,3,0,17.8513
voter,8.0,rho_8,800,0.15,4,5000,1030304,4,0,17.8871
voter,8.0,rho_8,800,0.15,4,5000,1030305,5,0,17.9074
voter,8.0,rho_8,800,0.15,4,5000,1030306,6,0,19.0665
voter,8.0,rho_8,800,0.15,4,5000,1030307,7,0,18.2013
voter,8.0,rho_8,800,0.15,4,5000,1030308,8,0,18.3962
voter,8.0,rho_8,800,0.15,4,5000,1030309,9,0,19.8707
voter,8.0,rho_8,800,0.15,4,5000,1030310,10,0,17.8956
voter,8.0,rho_8,800,0.15,4,5000,1030311,11,0,17.7559
voter,8.0,rho_8,800,0.15,4,5000,1030312,12,0,18.207
voter,8.0,rho_8,800,0.15,4,5000,1030313,13,0,19.5967
voter,8.0,rho_8,800,0.15,4,5000,1030314,14,0,17.2614
voter,8.0,rho_8,800,0.15,4,5000,1030315,15,0,17.3102
voter,8.0,rho_8,800,0.15,4,5000,1030316,16,0,17.703
voter,8.0,rho_8,800,0.15,4,5000,1030317,17,0,19.2665
voter,8.0,rho_8,800,0.15,4,5000,1030318,18,0,20.1533
voter,8.0,rho_8,800,0.15,4,5000,1030319,19,0,18.126
voter,8.0,rho_8,800,0.2,4,5000,1030400,0,0,20.1307
voter,8.0,rho_8,800,0.2,4,5000,1030401,1,0,20.2343
voter,8.0,rho_8,800,0.2,4,5000,1030402,2,0,20.8484
voter,8.0,rho_8,800,0.2,4,5000,1030403,3,0,20.9726
voter,8.0,rho_8,800,0.2,4,5000,1030404,4,0,20.2162
voter,8.0,rho_8,800,0.2,4,5000,1030405,5,0,19.4906
voter,8.0,rho_8,800,0.2,4,5000,1030406,6,0,19.9921
voter,8.0,rho_8,800,0.2,4,5000,1030407,7,0,19.0242
voter,8.0,rho_8,800,0.2,4,5000,1030408,8,0,20.2755
voter,8.0,rho_8,800,0.2,4,5000,1030409,9,0,20.4949
voter,8.0,rho_8,800,0.2,4,5000,1030410,10,0,18.9622
voter,8.0,rho_8,800,0.2,4,5000,1030411,11,0,17.2818
voter,8.0,rho_8,800,0.2,4,5000,1030412,12,0,16.5944
voter,8.0,rho_8,800,0.2,4,5000,1030413,13,0,18.0714
voter,8.0,rho_8,800,0.2,4,5000,1030414,14,0,18.1679
voter,8.0,rho_8,800,0.2,4,5000,1030415,15,0,17.1086
voter,8.0,rho_8,800,0.2,4,5000,1030416,16,0,15.9543
voter,8.0,rho_8,800,0.2,4,5000,1030417,17,0,14.4204
voter,8.0,rho_8,800,0.2,4,5000,1030418,18,0,15.7065
voter,8.0,rho_8,800,0.2,4,5000,1030419,19,0,15.5719
